temperature,humidity,fan_status
29,60.2,ON
20.8,58.7,OFF
23.8,51.4,OFF
23.5,61.1,OFF
25.6,39.6,OFF
22.8,71.6,ON
30.7,74.1,ON
19.3,30.4,OFF
24.2,46.3,OFF
26.1,48.1,OFF
26,46.3,OFF
28.8,44.8,ON
20.9,83.3,ON
27,49.2,OFF
17.7,56.5,OFF
25.9,85.3,ON
22.5,46.7,OFF
16.3,,OFF
32.8,43.2,ON
24.2,51.5,OFF
23.4,69.9,OFF
29.8,43.5,ON
31.6,81.5,ON
26.7,68.7,OFF
25.8,38.3,OFF
33.4,44.2,ON
22.8,49.7,OFF
31.4,24.4,ON
25.9,38.6,OFF
11.9,46.4,OFF
23,,OFF
15.1,37.9,OFF
,69.8,OFF
28.2,46,ON
20.1,63.4,OFF
26.4,,OFF
19,54.6,OFF
25.7,49.6,OFF
32.5,49.4,ON
25.7,58.9,OFF
28.9,73.2,ON
29.6,30.7,ON
28.4,44,ON
14,57.8,OFF
21.1,64.3,OFF
27.3,56.4,OFF
17.1,46.5,OFF
34.3,65.6,ON
18.1,69.6,OFF
25.8,57,OFF
28.6,51.4,ON
27.6,57.3,OFF
20.6,66.7,OFF
30.6,39.3,ON
17.9,64.8,OFF
27,32,OFF
23.6,88.9,ON
12.3,57,OFF
21.6,50.5,OFF
26.3,76.4,ON
27.1,43.4,ON
23.1,44.6,OFF
19.5,27.9,OFF
22.3,34.7,OFF
33.2,53.1,ON
18.7,-12,OFF
24.6,50.1,OFF
27.2,74.4,ON
28.3,48.5,ON
17.4,42.2,OFF
19.8,-40,ON
24.2,71.9,ON
27.6,57.6,OFF
20.7,46.7,OFF
25.4,30.5,OFF
23,59.7,OFF
23.5,19.7,OFF
18.6,86.3,ON
26.1,58.6,OFF
24.1,58.5,ON
26.3,64.4,ON
26.4,72.6,ON
23.3,37.5,OFF
24.1,,OFF
250,75.8,ON
25.9,71.2,ON
26.6,58.5,OFF
14.1,65.2,OFF
18.4,42.1,OFF
30.1,81.5,ON
20.3,87.6,ON
27.7,68,OFF
23.2,22.5,OFF
24.7,57,OFF
21,67.1,OFF
24.2,59.1,OFF
28.4,56.4,ON
-55,77.8,ON
85,51.4,OFF
29.3,34.4,ON
25.7,63.3,OFF
28.4,58.1,ON
24.9,53.6,OFF
24.5,64.5,OFF
23.7,85.7,ON
30.2,45.7,ON
,57.4,ON
27.1,77.9,ON
26.4,50.4,OFF
31.4,44,ON
25.1,57.2,OFF
31.4,54.4,ON
35.2,57.7,ON
22.8,44.1,OFF
21.3,45.9,OFF
24.3,60.5,OFF
22.2,59.2,OFF
15.1,47.7,OFF
28.1,26.1,ON
23.2,59.6,OFF
16.2,43.3,OFF
30,50.1,ON
23.9,84.8,ON
26.2,38.6,OFF
24.3,69.3,OFF
25.8,43.1,OFF
21.5,40.1,OFF
28.3,40.2,ON
25.2,76.6,ON
19.5,87.5,ON
24.5,62.6,OFF
27.4,15,OFF
16.2,46.8,OFF
-55,58.3,OFF
15.9,58.4,OFF
23,42.1,OFF
17.4,70.9,ON
16.4,62.4,OFF
28.5,47.1,ON
,44.4,ON
22.8,61.2,OFF
16.3,68.2,OFF
19.6,47.1,OFF
19.9,86.3,ON
17.1,73.2,ON
22.8,58.7,OFF
18,40.1,OFF
31.2,86.5,ON
20.3,49.9,OFF
17.8,39.7,OFF
26.7,35.5,OFF
27.8,70.3,ON
24.9,59.6,OFF
31,36.6,ON
,48.7,OFF
18,53.6,OFF
27.6,44.8,OFF
22,64,OFF
22.4,39.9,OFF
22.6,72.2,ON
26.2,62.7,OFF
26.7,50.7,OFF
20,55.3,OFF
24.8,40.3,OFF
23.8,46.7,OFF
19.2,57.4,OFF
27.9,79.9,ON
26.9,64.1,OFF
31.5,,ON
17.6,71.4,ON
30.6,62,ON
,45.6,OFF
31.5,43.2,ON
20.9,53.3,OFF
23.2,26.6,OFF
23.7,49.6,OFF
31.3,75,ON
29,67.5,ON
20.3,45.8,OFF
32.1,74.3,ON
20,38.6,OFF
18.9,57.6,OFF
24.1,64.1,OFF
20.8,42.6,OFF
24,34.1,OFF
21.3,61.5,OFF
24.2,53.1,OFF
29.9,42.8,ON
21.3,30.1,OFF
23.9,60.1,OFF
27.2,,ON
31.9,999,ON
23.1,60.8,OFF
18,44.4,OFF
20.3,48.1,OFF
28,66.6,OFF
24.5,59,OFF
23.7,44.4,OFF
22.6,44.6,OFF
21.6,55.8,OFF
21,64.4,OFF
23.2,67.1,OFF
17.1,43.8,OFF
21.6,30.1,OFF
22.5,32.3,OFF
26.2,71.9,ON
16.9,21.2,OFF
28.5,37.3,ON
17.9,29.1,OFF
26.2,45.2,OFF
31.5,60.8,ON
28.5,39.1,ON
21.1,49.8,ON
20.8,61.5,OFF
39,61.6,ON
23.7,65.7,OFF
85,76.1,ON
27.7,32.6,OFF
22.8,45.1,OFF
22.8,44,OFF
12.1,16.2,OFF
26.4,38.6,OFF
22.2,46.1,ON
15,36.5,OFF
14.3,70,ON
30.4,65.2,ON
25.7,64.5,OFF
14.6,82.3,ON
17.6,61.1,OFF
20.7,56.7,OFF
24,56.5,OFF
29.4,29.2,ON
29.7,50.7,ON
22.9,41.3,OFF
25.6,38,OFF
24.4,56.1,OFF
18.2,42.5,OFF
30.4,68.9,ON
24.8,51.4,OFF
16.6,32.6,OFF
26,24.2,OFF
13,69.5,ON
26.3,31.7,OFF
20.7,40.8,OFF
16,71.2,ON
24.7,65.9,OFF
30.2,54.4,ON
28.3,47.9,ON
21.2,48.6,ON
31.3,50.3,ON
29,42.4,ON
21.9,58.1,OFF
19.9,63.7,OFF
30.3,40.8,ON
23.8,,OFF
16.6,65.2,OFF
31.2,86.7,ON
31,65.5,ON
24.5,65.6,OFF
18.8,50,OFF
25.3,45.5,OFF
19.3,79.8,ON
21.3,84.9,ON
31.8,57.8,ON
22.1,56.5,OFF
23.5,66.8,OFF
34.7,60.4,ON
22.7,45.2,OFF
21.9,82.8,ON
19.9,150,OFF
20.8,72.2,ON
20.3,57,OFF
29.5,55.4,ON
34.1,36.1,ON
15.1,82.9,ON
16.7,57.8,OFF
22.7,71.4,ON
20.4,42.3,OFF
20.2,26.4,OFF
16.5,54.9,ON
32,,ON
26.4,28.6,OFF
28.1,66.2,ON
24.4,54.4,OFF
26.7,34.8,OFF
27,61.9,OFF
30.6,70.3,ON
120,41.1,ON
28.4,44.9,ON
20.5,54.4,OFF
22.7,64.2,OFF
33,50.9,ON
29.8,71.4,ON
28.7,21,ON
19.9,52.9,ON
24,55.3,OFF
17.3,33.4,OFF
21.6,38.2,OFF
22.2,67.2,OFF
28.7,61.1,ON
21.3,53.4,OFF
24,70.9,ON
22.8,33.8,OFF
26,28.4,OFF
,49.3,ON
12.3,30,OFF
24.5,57.4,OFF
25.1,46,OFF
21,48.8,OFF
17.3,35.6,OFF
26.1,62.1,OFF
26.4,38.9,ON
27,38.1,OFF
21.4,54.6,OFF
20.9,69,OFF
23.5,38.7,OFF
23.8,69.4,OFF
22.7,60.9,OFF
32.6,54.7,ON
26,70.5,ON
,51.6,ON
26.4,53.2,OFF
14.8,,OFF
24.2,67,OFF
30.2,55.7,ON
14.1,53.7,OFF
29.1,46.1,ON
28.9,58,ON
23.9,69.8,OFF
19.5,68,OFF
21.5,36.3,OFF
23.3,66.6,ON
15.1,59.4,OFF
21.6,47.1,OFF
24,52.1,OFF
25.8,81.7,ON
22.5,49.2,OFF
18.7,67.7,OFF
30.4,33.4,ON
21.4,44,OFF
23.4,46.1,OFF
16.2,58.1,OFF
22.5,60.7,OFF
27.8,63.6,OFF
27.2,56,OFF
26.5,47.4,OFF
27.3,39,OFF
19.9,72.6,ON
33.3,78.1,ON
9.1,59.3,OFF
27.2,59.2,OFF
25.8,60.1,OFF
25.4,57.4,OFF
14.7,35.1,OFF
23.9,71.1,ON
28.9,74.9,ON
,40.9,OFF
21.5,44.4,OFF
21.4,51.6,OFF
29.2,-12,ON
24.6,27.2,OFF
28.5,34.6,ON
34.3,52.7,ON
26.9,66,OFF
30.8,55.4,ON
24.1,40.2,OFF
15.2,58.3,ON
31.3,87,ON
23,,OFF
16.6,67.9,OFF
20.6,53.9,OFF
17,40.7,OFF
28,20,OFF
24,61.5,OFF
21.6,39.5,OFF
23.8,53.3,OFF
21.8,52.2,OFF
28.9,59.8,ON
23.4,36.5,OFF
17.7,58.1,OFF
20.2,62.7,OFF
-55,58.9,OFF
14.8,54.4,OFF
23.1,37.4,OFF
25.5,72,ON
26,50.2,OFF
24.8,70.5,ON
23.3,30.6,OFF
85,40.5,OFF
36.5,56.7,ON
18.6,75.8,ON
31.3,51.6,ON
23.9,50.9,OFF
28.5,78.4,ON
24,33.7,OFF
25,49.9,OFF
25.2,82.8,ON
19,54.1,OFF
12.9,180,OFF
26.3,42.8,OFF
26.4,62,OFF
31.4,17.6,ON
16.5,55.6,OFF
31.4,63.6,ON
23.9,32.2,OFF
24.6,59.2,OFF
33.5,71.9,ON
28.3,45,ON
24,61.9,OFF
18.9,67.6,ON
21.4,61,OFF
23.1,63.2,OFF
29.2,57.5,ON
24.4,,OFF
22.8,71.1,ON
34.2,88.3,ON
21.2,,OFF
21.6,71.7,ON
30.3,69.7,ON
27.6,42.6,OFF
24.7,64.7,OFF
27.6,78.9,ON
29,50,ON
25.7,54.8,OFF
26.5,55.8,OFF
17.5,53.4,OFF
19.2,54.9,OFF
30.8,62.5,ON
25,55.5,OFF
34.2,63.6,ON
18.3,63.1,OFF
16.2,62.1,OFF
19.9,53.2,OFF
26.9,53.4,OFF
26.4,180,OFF
15.2,81.3,ON
18.6,,OFF
21.9,50.7,OFF
13.1,76.4,ON
27.6,71.4,ON
26.1,53.9,OFF
29.1,55.3,ON
24.2,40.2,ON
16.1,64.7,OFF
17.4,65.6,OFF
16.2,67.2,OFF
21.6,52.7,OFF
20.8,58.8,OFF
23.1,89.8,ON
25.9,53.8,OFF
26.7,37.5,OFF
20.9,42.6,OFF
17.6,39.8,OFF
22.7,180,OFF
28,55.3,OFF
,39.6,ON
29.3,57,ON
,48.9,OFF
22.4,46,OFF
21.9,80.9,ON
23.7,71.1,ON
120,68.6,ON
35.4,66.5,ON
13.8,65.4,OFF
17.6,59.1,OFF
19.6,69.5,OFF
19.4,61.4,OFF
25.5,37.9,OFF
26.8,60.5,OFF
250,43.2,OFF
26.7,35.9,OFF
21,40.4,OFF
21.3,77,ON
22.5,34.8,OFF
23.9,51,OFF
19.6,63.3,OFF
20.8,30.7,OFF
22.9,-12,OFF
29.3,47.6,ON
25.2,69.2,OFF
17.3,999,OFF
28.7,50.7,ON
32.9,56.8,ON
22.8,47,OFF
25.7,56.8,OFF
26.7,54.5,OFF
31.8,57.9,ON
26.4,33,OFF
22.7,63.4,OFF
26.9,54.2,OFF
21.4,82.6,ON
27.1,51.7,OFF
24.2,63.2,OFF
21.8,45.4,OFF
19.8,49.7,OFF
27.6,30.7,OFF
19.9,80.4,ON
22.9,38.3,OFF
24.1,47.8,OFF
36,63.3,ON
23.8,57.5,OFF
,47.2,OFF
24.4,46.5,OFF
25.1,37.3,OFF
20,53.2,OFF
23.3,54.7,OFF
19.7,39.4,OFF
26.6,60.1,OFF
18.9,61.5,OFF
30.1,59.9,ON
16.4,51.1,OFF
29.7,64.2,ON
17,57.2,OFF
17.7,38.4,OFF
22.4,55.5,OFF
20.5,40.3,OFF
20.3,57.9,OFF
22.8,46.2,OFF
29.5,70.3,ON
22.3,52.3,OFF
23.4,55.9,OFF
16.7,69.6,OFF
21.8,80.9,ON
17.4,71.3,ON
20.5,51.7,OFF
29.1,55.2,ON
26.1,53.1,OFF
19.1,53,OFF
31.6,67.5,ON
13.4,37.7,OFF
25.8,180,OFF
20.3,53.6,OFF
25.2,35.9,OFF
,76.5,ON
,61.6,OFF
19,60.3,OFF
30.2,78.7,ON
17.9,28.5,OFF
15.3,45.6,OFF
20.2,47.4,OFF
29.8,35.9,ON
17.3,57.6,OFF
21.2,43.2,OFF
24.5,68.1,OFF
24.3,48.6,ON
,55.4,ON
24.2,57.7,OFF
18.2,54.6,OFF
17.2,65.5,OFF
22.4,66.7,OFF
24.4,45.8,OFF
12.1,61.4,OFF
22.6,54.4,OFF
25.9,78.9,ON
27.5,22.1,OFF
22.2,57.9,ON
20.9,57.3,OFF
17.5,63.3,OFF
27.8,72.9,ON
16.5,43.3,OFF
23.2,34.3,OFF
22.9,48.6,OFF
12.8,46.2,OFF
25.2,62.9,OFF
24.4,-40,OFF
17.6,89.1,ON
20.4,66.9,ON
24.7,55.2,OFF
24.6,48.9,OFF
19.9,56.6,OFF
21.6,42.2,OFF
23,999,OFF
24.2,40.1,OFF
27.6,71.5,ON
22.4,72.6,ON
18.2,48.2,OFF
16.9,55.7,OFF
16.9,999,ON
21.4,31,OFF
22.7,67.8,OFF
20.8,44.7,OFF
20.7,53.5,OFF
24.6,58.7,OFF
25,65.2,OFF
26.3,64.8,OFF
24.5,,OFF
,95,ON
23.5,58.4,OFF
23.2,43.6,OFF
23.5,46.1,OFF
18.8,52.3,OFF
28.1,59.2,ON
20.1,31.4,OFF
24.8,59.6,OFF
25.5,45.2,OFF
28.8,77.4,ON
23.6,76,ON
25.5,57.6,OFF
25.4,64.1,OFF
23.1,62.7,OFF
31.4,57.2,ON
18.9,29.7,OFF
17.9,65.8,OFF
15,66.9,OFF
26.5,54.5,OFF
19.8,58.7,OFF
20.2,89.3,ON
29.9,60.6,ON
9.9,65.3,OFF
23.9,46.6,OFF
23.4,46.7,OFF
23.1,71.2,ON
17.1,53.8,OFF
26.6,47.5,OFF
26,35.3,OFF
31.5,63.8,ON
16.7,51.4,OFF
29.5,55,ON
23.7,53.3,OFF
30.3,41.9,ON
26.7,46.2,ON
25.6,76,ON
27.4,50.5,OFF
26.2,46.6,OFF
120,74.3,ON
21.6,56.2,OFF
26.7,50.5,OFF
26.6,51.3,OFF
21.9,15,OFF
14.7,53.5,OFF
15.3,77.5,ON
20.5,70.7,ON
27.6,84.4,ON
24.2,79.4,ON
12.9,65.2,OFF
22.7,32.7,OFF
27.8,26.3,OFF
14.1,60.4,OFF
19.9,44,OFF
22.9,46.1,ON
29.1,51,ON
15.6,150,OFF
18.1,63.3,OFF
26.3,75.8,ON
27.2,56.7,OFF
27.3,38,OFF
23.6,66.3,OFF
32.2,41.6,ON
24.1,58,OFF
22.2,62.1,OFF
24.3,73.8,ON
30.9,65.1,ON
25.2,44.8,OFF
23.5,37,OFF
21.6,62.5,OFF
28.8,49.6,ON
21.1,60.2,OFF
34.4,42.8,ON
33.9,61.1,ON
18.4,49.1,OFF
27.7,29.2,OFF
20.3,63.1,OFF
28.9,56.8,ON
27.8,57.7,OFF
25.5,47.6,OFF
29.2,48,ON
21.8,47.3,OFF
27.6,58.2,OFF
16.3,44.1,OFF
17.1,47.8,OFF
23.4,84.6,ON
23.8,35.9,OFF
19.3,62.9,OFF
18.6,180,OFF
16.5,60.6,OFF
30.1,72.8,ON
17.1,71.9,ON
22.1,80.2,ON
21.5,77.5,ON
31.1,52.3,ON
30.1,-40,ON
23.9,29.6,OFF
24.8,58.9,OFF
18.3,59,OFF
25.8,52,OFF
18.1,75.1,ON
23.7,47,OFF
20.7,81.1,ON
29.5,66.5,ON
22,50.6,OFF
25,63.9,OFF
13.6,69,OFF
18.7,54.1,OFF
15.8,62.3,OFF
15.8,87.7,ON
18.8,34.3,OFF
31.4,,ON
23.4,47.3,OFF
23.9,55.6,OFF
24.6,57,OFF
32.4,41.7,ON
15.5,38.3,OFF
27.7,52.3,OFF
120,50.1,OFF
29.3,63.4,ON
18.9,70.8,ON
22.3,41.3,OFF
38.7,18.9,ON
31.7,15,ON
23.5,38.2,OFF
21.3,58.8,OFF
32.1,15.5,ON
22.4,44.5,OFF
23.4,39.2,OFF
28,56,OFF
26.3,54.2,OFF
,57,OFF
20.8,58.4,OFF
11.7,87.6,ON
23.7,75.7,ON
27.8,62.9,OFF
17.8,33.8,OFF
29.2,59.7,ON
30.2,62.8,ON
23,51.2,ON
20.1,42.7,OFF
13,51.7,OFF
31.3,15,ON
27.3,55.8,OFF
26.8,93.3,ON
-55,84.8,ON
25.9,64.6,ON
26.1,53.5,OFF
24.4,63.9,OFF
,56.9,OFF
35.4,19.7,ON
14.6,65.9,OFF
26.9,51.9,OFF
17.9,58.7,OFF
23.1,56.2,OFF
,48.6,OFF
18.4,81.6,ON
25.1,27.4,OFF
23.6,63.3,OFF
26.4,60,OFF
20.3,43.2,OFF
29.1,53,ON
24.3,80.9,ON
13.8,56,OFF
31,46.1,ON
,47.1,OFF
22.1,45.8,OFF
20.1,62.9,OFF
19.8,49.7,OFF
,37.9,OFF
31.9,54.4,ON
23.6,41.9,OFF
20.8,67,OFF
16,43.8,OFF
22.3,73.5,ON
22,66.8,OFF
21.1,20.3,OFF
19.5,21.5,OFF
23.5,94.1,ON
17.2,67.8,OFF
14.7,37.3,OFF
18.9,58.8,OFF
28.8,60.3,ON
29.4,-40,ON
25.5,39.8,OFF
18.4,41,OFF
26.8,41.2,OFF
24.3,43.6,OFF
12.8,81.5,ON
21.7,57,OFF
19.9,53.4,OFF
14.7,68.3,OFF
20.6,63.8,OFF
20.3,55.9,OFF
30.2,33.9,ON
22.6,94.4,ON
21,72,ON
26.3,51.6,OFF
250,44.6,OFF
24.6,76.7,ON
26.7,69.9,OFF
24.5,48.5,OFF
30.2,32.5,ON
20.4,41.7,OFF
19.3,48.3,OFF
33,45.3,ON
25.7,45.3,OFF
21.5,65.7,OFF
15.7,43.4,OFF
-999,42.4,OFF
27.3,-40,ON
23.7,56.3,OFF
12.9,56.3,OFF
22.2,70.6,ON
17.9,46.4,OFF
24.4,54.2,OFF
23.6,44.6,OFF
14.8,49.8,OFF
24.3,54.3,OFF
17.2,33.2,OFF
20.3,48,OFF
25.5,23.7,OFF
29.7,75.3,ON
120,61.9,OFF
23.2,46.8,OFF
22,40,OFF
20.8,26.6,OFF
28.1,73.3,ON
29.3,53.4,ON
22.9,60.1,OFF
30.5,46.6,ON
27.9,47.7,OFF
27.6,45.6,OFF
21.9,68.3,OFF
25.6,48.5,OFF
23.2,56.3,OFF
27.5,59.8,OFF
31.5,80.1,ON
26.6,68.6,OFF
22.9,46.8,OFF
18.9,59.7,OFF
16,51.4,OFF
24,41.1,OFF
27.5,44.1,OFF
27.5,44,OFF
30.7,48.9,ON
27.2,50.5,OFF
23.7,75.8,ON
25.5,68.8,OFF
24.1,51.7,OFF
19,59.7,OFF
27.2,55.2,OFF
8,55.8,OFF
19.9,43.5,OFF
24.9,47.6,OFF
21.5,57.1,OFF
31.4,55.9,ON
24.6,39.1,OFF
17.4,50.3,OFF
29.5,25.3,ON
22.5,47.6,OFF
27.8,46.7,ON
23.6,60.5,OFF
30,43.4,ON
27.1,68.9,OFF
16.3,,OFF
26.3,35.3,OFF
12.1,63,OFF
22.5,63,ON
15.5,46.6,OFF
33,76.5,ON
29.8,43.3,ON
24.7,40.2,OFF
15.5,39.6,OFF
18.8,79.8,ON
19.6,49.6,OFF
24,37,OFF
29.1,79.6,ON
22.1,70.3,ON
18.5,41,OFF
21.8,67.2,OFF
25.8,53.7,OFF
24.7,38.5,OFF
27.8,62.4,OFF
23.1,44,OFF
19,60.1,ON
25.3,74.3,ON
22.9,63.7,OFF
22.2,25.2,ON
27.6,54.6,OFF
23.9,43,OFF
27.4,67.3,OFF
17.4,75.8,ON
23.9,82.9,ON
20.1,48.2,OFF
19.1,41.4,ON
34,27.9,ON
20.2,67.2,OFF
24.8,67.3,OFF
28.3,38.5,ON
21.2,43.3,OFF
24,44.6,OFF
23.8,49.8,OFF
25.8,61.6,OFF
21.6,,OFF
22.3,71.7,ON
10.5,40.6,OFF
26,75.9,ON
22.5,42.4,OFF
33.2,59.1,ON
27.5,33.6,OFF
23.6,49.5,OFF
17.6,19.8,OFF
32.6,82.7,ON
22.6,54.5,OFF
26.7,33.2,OFF
23.4,56.1,OFF
25.4,53.5,OFF
24.4,,OFF
17.4,58.1,OFF
20.7,44.2,OFF
32.8,88.3,ON
25.2,52.1,OFF
27.6,51.8,OFF
20.4,60,OFF
23.6,65.6,OFF
29.4,36.6,ON
27,49.9,OFF
30.7,41.2,ON
15,69.4,OFF
25.3,61.2,OFF
38.5,34.4,ON
15.3,17.4,OFF
22.9,59.2,OFF
26.4,74.1,ON
26,74.2,ON
16.1,66.4,OFF
19.3,50.3,OFF
22.9,63.6,OFF
19.8,55.7,OFF
25.3,39,OFF
,23,OFF
22.1,43.2,OFF
20.3,69.1,OFF
20.1,40.3,ON
32.5,28.8,ON
26,59.1,OFF
25.1,55.8,OFF
22.3,44.1,OFF
32.3,60.8,ON
25.6,57.9,ON
29.8,,ON
19.4,-40,OFF
27.9,49.9,OFF
27.6,51.3,OFF
120,49.2,OFF
16.2,58.9,OFF
20.4,65,OFF
21.4,65.8,OFF
29.3,76.5,ON
21.4,50.1,OFF
19.8,47.4,OFF
22.3,41.5,OFF
,61.1,OFF
17.5,59,OFF
22.3,52.2,OFF
28.9,65,ON
27.5,43.6,OFF
26.5,58.1,OFF
26.3,41.9,OFF
26,62.7,OFF
20.9,62.3,ON
18.4,41.2,OFF
23,999,OFF
16.6,47,OFF
35.9,39.5,ON
19.5,78.7,ON
29.9,73.6,ON
26.3,74.5,ON
25.4,20.9,OFF
27.5,59.4,OFF
24.7,40.6,OFF
20.5,68,OFF
30.5,79.3,ON
22.9,37.1,OFF
33.7,66.9,ON
85,49,ON
24.7,,ON
30,62.5,ON
18.2,62.7,OFF
31.9,50.8,ON
26.9,66.6,OFF
20.4,46.8,OFF
10.7,47.2,OFF
18.8,55.1,OFF
28.7,47.1,ON
23.2,39.9,OFF
26.3,20.6,OFF
22.2,,ON
25,66.4,OFF
20.8,76.7,ON
28.8,40.3,ON
23.8,67.1,OFF
26.2,72.4,ON
27.7,48.6,OFF
30.9,66.9,ON
22.8,60.4,OFF
28.2,55.9,ON
23.2,61.8,OFF
21.4,23,OFF
22.4,75.8,ON
15.4,65.7,OFF
23.4,44.6,OFF
24.5,62.9,OFF
20.5,46.2,OFF
27.1,59.7,OFF
19.7,44.9,OFF
25.6,54.1,OFF
18,48.1,OFF
23.3,53.9,OFF
28.5,44.9,ON
22.2,65.4,OFF
30.4,45.1,ON
29.3,44,ON
22.5,55.9,OFF
23.6,42.8,OFF
26,53.1,ON
24.1,37.4,OFF
18.7,56.5,OFF
28.1,49.1,ON
33.4,50.1,ON
19.7,59.1,OFF
22.8,58.7,ON
25.5,63.3,OFF
30.6,91.3,ON
32.8,60.3,ON
18.8,69.8,OFF
16,67.2,OFF
27.1,48.1,OFF
26.8,71.7,ON
26.6,83,ON
25.6,73.9,ON
24.6,41.4,OFF
27.8,67.6,OFF
21.3,38.3,OFF
12.8,40.9,OFF
25.6,51.8,OFF
20.4,74.4,ON
29,56.7,ON
30.4,45.4,ON
16.3,53.6,OFF
29.4,69.2,ON
24.4,40.3,OFF
20.5,63.3,OFF
29.8,-12,ON
28.8,37.1,ON
31.5,78.8,ON
31.3,48.6,ON
23.3,61.5,OFF
29.4,56.5,ON
24.9,67.4,OFF
26.1,57.3,OFF
20.9,73.4,ON
22.5,47.8,OFF
24.6,-12,OFF
20.7,74.8,ON
21.8,54.5,OFF
20.9,73.5,ON
31.4,66.9,ON
25.7,71.7,ON
19.1,46.9,OFF
24.4,999,OFF
26,30.7,OFF
27.3,72.5,ON
23.2,33.3,OFF
24.3,,OFF
26.9,180,ON
15.4,50.6,OFF
27.8,35.4,OFF
17.6,44.9,OFF
31.6,54.9,ON
23.1,,OFF
23.2,49.3,OFF
20.2,48.4,OFF
27.7,42.9,OFF
28.4,68,ON
,23.5,OFF
24.5,67.2,OFF
23.3,71,ON
25.9,58.8,OFF
23.6,47.5,OFF
24.9,75,ON
23.8,53.6,OFF
32.8,61.6,ON
18.1,26.4,OFF
23.9,67.1,OFF
22.3,81.8,ON
31.4,70,ON
17.1,64.9,OFF
22.6,64,OFF
25.6,70.9,ON
26.6,999,OFF
23.9,49.4,ON
22.4,54.6,OFF
23.3,34,OFF
21.6,68.3,OFF
33,33.7,ON
21.2,77.8,ON
35.7,52.7,ON
31.8,63.2,ON
24.7,31.2,OFF
28.4,40.2,ON
22.9,56.4,OFF
25.4,44.8,OFF
27,74.9,ON
20.2,57,OFF
26,70.4,ON
25.6,71.7,ON
27.2,48.8,OFF
15.3,52.6,OFF
31.2,63.1,ON
13.9,48.8,OFF
25.5,42.1,OFF
21.8,40.9,OFF
28.6,88.3,ON
27.5,40.5,OFF
26.9,55.3,OFF
32.2,73.3,ON
28.4,63.8,ON
32.1,66.9,ON
28.2,38.5,ON
23.8,65.1,OFF
22.3,70.5,ON
20.9,63.4,OFF
19.8,76,ON
34.3,48.3,ON
21.2,44.4,ON
24.2,57.8,OFF
25.1,15,OFF
29.6,32.8,ON
,34.7,ON
29.3,55.5,ON
29.6,-12,ON
21,,OFF
27.3,45.6,OFF
21.1,67.2,OFF
30.2,66.9,ON
22.1,55.3,OFF
25.5,61.6,OFF
18.7,52.3,OFF
20.2,71.3,ON
26.4,43,ON
,51.2,OFF
34.3,66.3,ON
16.8,70.2,ON
21.5,31,OFF
16.9,79.8,ON
20.6,43.4,ON
17,,OFF
23.1,25.2,ON
21.8,55.2,OFF
16.6,50.2,OFF
21.6,81,ON
-55,77.4,ON
19.4,35.1,OFF
26.3,56,OFF
26.2,55.9,OFF
20.9,49.5,OFF
21.2,57.4,OFF
24.4,46.9,OFF
26.3,999,ON
21.9,71.4,ON
21.2,66,OFF
25.9,75.1,ON
15.2,49.5,OFF
16.8,56.2,OFF
23.5,49.1,OFF
25.6,,ON
19.3,64.8,OFF
25.6,70,OFF
26.4,40.4,OFF
9.7,57.5,OFF
26.3,38.5,OFF
19.2,62.2,OFF
20.5,65.8,OFF
23.1,38.5,OFF
,60.7,OFF
19,57.3,OFF
23.7,57.2,OFF
29.5,65,ON
28.2,56.1,ON
18.3,59.9,OFF
24.4,42.6,OFF
26,50.5,OFF
21.3,58.8,OFF
22.5,51.8,OFF
20.1,53.6,OFF
19.1,48.6,OFF
21.4,73.3,ON
26,26.7,OFF
21.7,57.4,OFF
23.8,52,OFF
23.2,49.7,OFF
29.9,25.2,ON
27.1,89.9,ON
29.8,68,ON
20,41.2,OFF
17.5,48.9,OFF
25.1,57.3,OFF
24.9,79.7,ON
28.5,74.1,ON
29.6,58.9,ON
24.5,48.1,OFF
29.5,51.6,ON
21.1,34.9,OFF
25.5,54.7,OFF
14,-40,OFF
25.6,30.6,OFF
20,28.9,OFF
20.9,49.7,OFF
24.8,95,ON
26.2,53.6,OFF
19,65.4,OFF
20.7,64.2,OFF
18.1,61.8,OFF
23.5,52.9,OFF
18.2,48,ON
21.7,64.9,OFF
21.8,46.3,OFF
18.4,65.6,OFF
19.9,32.4,OFF
28.2,56.3,ON
27.8,57.1,OFF
21.3,54.9,OFF
23.5,30.1,OFF
22.1,150,OFF
21.1,62.3,OFF
14.7,64.9,OFF
24.9,40.9,OFF
25.2,80.8,ON
21.3,,ON
120,91.4,ON
20.7,89.2,ON
24.7,59.2,OFF
8.3,73.5,ON
20.3,53.7,OFF
21.7,,OFF
17.6,42.2,OFF
26.8,60.7,OFF
15.5,,OFF
28.1,47,ON
19.5,59.4,OFF
17.9,34,OFF
19.6,81.3,ON
31.3,55,ON
21.4,66.2,OFF
,56.3,OFF
25.2,72.7,ON
18.9,51.2,OFF
18.3,45.5,OFF
35.7,51.9,ON
27,61.3,OFF
25.6,28,ON
24.5,66.4,OFF
32.5,95,ON
22.3,72,ON
33.1,75.4,ON
14.3,50.9,OFF
20.7,36.6,OFF
,52.9,OFF
26.6,55.3,OFF
13,76.2,ON
28.7,49.1,ON
24.5,35.4,OFF
24.4,39,OFF
22.4,80.8,ON
12.3,50.5,OFF
25.2,65.2,OFF
28.2,95,ON
23.6,50.6,OFF
31.6,,ON
19.7,48.8,OFF
19.7,-40,ON
20.2,64.9,OFF
26.3,26.1,OFF
10.9,40.9,OFF
30.7,27.4,ON
22.7,48.5,OFF
21.3,41.8,OFF
22.1,45.9,OFF
-55,43.9,OFF
26.7,71.5,ON
25.7,46.7,ON
24.4,34.7,OFF
18.5,58.6,OFF
24.6,,OFF
22.9,71.4,ON
33.1,73.6,ON
27.4,40.2,OFF
15.8,61.2,OFF
28.8,72.4,ON
14.4,55.1,OFF
23,66.6,OFF
26.4,59.3,OFF
24,73.3,ON
26.7,60,OFF
22.4,91.5,ON
16.3,56.9,OFF
23,53.3,OFF
28.5,,ON
25.1,58.9,OFF
19.3,15,OFF
16.7,59,OFF
-999,52.3,OFF
22.1,55.1,ON
32.7,42.8,ON
13.4,60.2,OFF
28.2,47,ON
23.5,67.1,OFF
32.6,56,ON
26.6,34.8,OFF
29.5,59.1,ON
27,47.7,OFF
26.1,44,OFF
18.6,84.8,ON
15.5,58.5,OFF
23,71.4,ON
20.9,48.3,OFF
21.7,55,OFF
25.8,20.6,OFF
22.3,37.5,OFF
28.2,72.2,ON
17.2,72.2,ON
18.4,47.5,OFF
23.8,59.7,OFF
27.8,40.3,OFF
2.4,91.7,ON
27.2,35.1,OFF
20.7,57.7,OFF
38.6,71.4,ON
26.1,35.7,OFF
27,56.1,OFF
22.4,150,OFF
24.1,63.5,OFF
37.4,36.7,ON
25.9,37.6,OFF
19.3,51,OFF
28.4,61.9,ON
22.9,63.2,OFF
26.3,67.2,OFF
,43,OFF
25.6,50.7,OFF
30.3,35.6,ON
28.5,-40,ON
,19.6,OFF
21.9,67,OFF
27,34.1,OFF
22,19.2,OFF
28.3,67.2,ON
19.7,82.7,ON
14.7,43,OFF
23,46.9,OFF
27.5,47.1,OFF
21.3,94.5,ON
28.8,62.9,ON
30.4,49.9,ON
33,49.7,ON
18.8,70.2,ON
26.4,48.6,OFF
24.3,22.6,OFF
24.8,38,OFF
8.7,30.1,OFF
17.2,38.2,OFF
17.9,57.4,OFF
17.1,58.6,ON
18.2,63.9,OFF
27.2,41.6,OFF
22.2,48.9,OFF
14.9,59.1,OFF
22.9,85.8,ON
,52.5,OFF
11.3,65.1,OFF
30.9,83.5,ON
17.8,61.3,OFF
27.8,72.4,ON
26.2,52.7,OFF
13.4,21.8,OFF
250,43.6,ON
24.2,57.1,OFF
26.6,40.1,OFF
28,27.6,OFF
18.6,50.9,OFF
17.2,81.2,ON
30,70.2,ON
12.6,53.7,OFF
27.3,52.2,OFF
29.6,68.5,ON
31.5,48.4,ON
21.7,51.9,OFF
22,63.1,OFF
19,61.1,OFF
25.8,58,OFF
17.1,66.9,OFF
32.9,63.7,ON
22,60.5,OFF
22.5,43.1,OFF
19.5,15,OFF
24.1,57.5,OFF
28.6,68.9,ON
19,35.3,ON
13,36.7,ON
21.8,72.4,ON
19.9,37.4,OFF
27.1,74.1,ON
21.5,59.5,OFF
28.3,45.9,ON
24.5,54.7,OFF
23.8,50.1,ON
35.6,65.6,ON
27.5,54.9,ON
14,70.4,ON
21.2,48.3,OFF
31.5,63.5,ON
21.8,79.1,ON
13.9,59.5,OFF
26,35.3,OFF
22.8,50.3,OFF
23.8,41.6,OFF
25.1,86.2,ON
25.5,52.8,OFF
29.7,55.2,ON
21.1,72.9,ON
19.9,84.3,ON
27.6,52,OFF
14.9,54.9,OFF
23.1,71.3,ON
22,30.3,OFF
21.3,45.6,OFF
29.1,30.6,ON
23.3,68.6,OFF
26.9,56,OFF
23.3,83.2,ON
24.2,45.8,OFF
27.2,23.3,OFF
21.9,51.6,OFF
22.2,69.5,OFF
18.8,33,OFF
21.3,81.3,ON
21.4,45.5,OFF
30.7,61.8,ON
,66.9,OFF
20,49.5,ON
36.8,48.8,ON
16.3,63,OFF
23.4,66.4,OFF
27.8,69.4,OFF
22.7,58.9,OFF
28.7,55.5,ON
23.9,57.7,OFF
,34.6,OFF
24.8,47.7,OFF
22.2,59.5,OFF
21.8,73.7,ON
30,64.4,ON
24.6,65.7,OFF
29.4,49.4,ON
20.4,,OFF
24.3,67.4,OFF
25.3,55.3,ON
,49.7,ON
23.1,37.4,OFF
26.1,59.1,OFF
14.5,57,OFF
26,57.6,OFF
18.5,57.2,OFF
23,87.2,ON
23,78.2,ON
26.6,51.3,OFF
18.7,42.2,OFF
25.3,38.2,OFF
27.7,51.9,OFF
30,41.3,ON
23.5,51.8,OFF
28.1,,ON
15.6,43.5,OFF
15.3,79.4,ON
20.2,71,ON
32.6,56.7,ON
18.5,51.1,OFF
26.2,40.4,OFF
17.3,70,OFF
120,62.3,ON
25.7,72.2,ON
22.6,59.9,OFF
15.7,36.1,OFF
22.9,32.7,OFF
26.8,38.4,OFF
23,82.8,ON
25.2,29,OFF
23.3,-40,ON
18.7,61,OFF
17.8,26.1,OFF
23.5,73.2,ON
32,73.7,ON
22.3,50.9,ON
23.6,50.1,OFF
22.3,54.6,OFF
22.5,62.4,OFF
26.4,73.7,ON
23,77.4,ON
20.3,39.9,OFF
17.3,66,OFF
24.6,63.4,ON
29.4,69.9,ON
-55,52.5,OFF
17.9,72.2,ON
28,64.5,ON
31.2,56.5,ON
22.9,73.9,ON
,36,OFF
28,41.5,OFF
24.4,54.1,OFF
24.2,65.5,OFF
25.3,58.8,OFF
17.3,51.2,OFF
28.2,73.9,ON
29.7,51,ON
21.8,69.8,OFF
28,53.2,OFF
33.7,48.4,ON
20.6,73.3,ON
28.1,40.9,ON
20,61.1,OFF
15.4,55.8,OFF
18.2,51.4,OFF
22.6,55,OFF
25.5,56.3,ON
20.5,70.9,ON
21,76.2,ON
27.5,63.1,OFF
20.5,59.9,OFF
27.1,39.4,OFF
26.3,58.6,OFF
120,60.4,OFF
17.4,55.1,OFF
19.3,61.3,OFF
20.7,43.1,OFF
13.4,61,OFF
22.7,41.3,ON
-55,58.4,OFF
21.7,57.5,OFF
23.1,60.6,OFF
23.6,52.9,OFF
30.5,68.5,ON
29.9,42,ON
19.7,42.9,OFF
15.8,53.5,OFF
15.7,61.1,OFF
22.2,33.5,OFF
20.4,27.2,OFF
27.7,62,OFF
26.7,46.3,OFF
13,46.9,OFF
28,75,ON
23.8,77.2,ON
18.7,58.7,OFF
15.9,46.3,OFF
35.9,56.5,ON
24.4,38.4,ON
27.6,68.9,OFF
23.9,71,ON
18.7,67.3,OFF
120,32.6,ON
24.1,43.5,OFF
38.7,18.1,ON
28.2,52.2,ON
20.8,47.7,OFF
21.8,57.1,OFF
24.4,53,OFF
40,63.5,ON
17.3,65.8,OFF
24.1,83.4,ON
23.8,34.7,OFF
25.4,49.3,OFF
25.6,59.8,OFF
33.8,68.2,ON
25.2,24.2,OFF
33.9,64,ON
21.7,45.7,OFF
22.7,,OFF
29.9,42.4,ON
21.5,70.8,ON
21.3,52,OFF
17.6,21.9,OFF
18.5,61.4,OFF
28.4,59.5,ON
33.4,78.3,ON
28.9,49.6,ON
19,,OFF
20.1,23.1,OFF
17.5,74.6,ON
22.2,18.6,ON
22.7,59.5,OFF
22.8,60.4,OFF
24.9,55.3,OFF
29.1,49.1,ON
25.2,41.1,OFF
27.8,,OFF
24.2,42,OFF
22.7,58.6,OFF
24,51.4,OFF
24.4,60.2,OFF
19.4,70.3,ON
33.9,51,ON
15.3,40.4,OFF
24.1,47,OFF
20.9,58.8,ON
26.8,77,ON
16.1,70.6,ON
29.9,54.6,ON
28.2,65.7,ON
22.8,52,OFF
30.3,61.1,ON
29.6,47.7,ON
20.2,52.4,OFF
27.4,150,OFF
21.2,37.7,OFF
23.6,51.2,OFF
16.3,57.2,OFF
27.8,60,OFF
30.1,75.1,ON
23.7,53.3,OFF
28.6,,ON
26.4,61.2,OFF
14.9,84.3,ON
23.7,65.5,OFF
13.5,80.7,ON
15.5,57.9,OFF
21.4,53.3,OFF
19.4,48.2,OFF
23.1,51.3,OFF
8.8,56.5,OFF
30.3,51.2,ON
250,75.7,ON
27.3,51.8,OFF
29.8,43.2,ON
28.2,58.4,ON
22.2,48.2,OFF
25.2,62.4,OFF
25.3,30.1,OFF
25.2,999,OFF
23.5,44.7,OFF
33.1,37.3,ON
25.8,51.4,OFF
14.3,37.9,OFF
19.1,58.4,OFF
18.8,70.3,ON
19,52,OFF
25.1,63.5,OFF
21.1,31.8,OFF
24.3,65.4,OFF
23.3,53.3,OFF
,67.6,ON
23.5,63.1,OFF
30.5,88.8,ON
26.2,23.5,OFF
31.2,50.4,ON
39.5,56.8,ON
23.3,48.8,OFF
18.8,65.9,ON
25.8,94.4,ON
28,33.4,OFF
21.1,52.4,OFF
34.1,54.5,ON
21.7,59.7,OFF
26.4,38.6,OFF
31.7,65.6,ON
20.8,39.3,OFF
28.9,59.2,ON
30.5,67.1,ON
18.2,51,OFF
22.5,81.5,ON
31.7,47.7,ON
21.9,59.1,OFF
23.8,57.2,OFF
15.6,40.4,OFF
23.1,31.4,OFF
29.7,58.1,ON
11.4,71.7,ON
22.7,53.3,OFF
23,45.9,OFF
21.8,84.4,ON
20.1,65.8,OFF
24.3,64.3,OFF
27.4,58.4,OFF
28.8,49.2,ON
25.3,50.7,OFF
20.4,50.5,OFF
28.8,60.9,ON
20.3,75.7,ON
22.8,42.1,OFF
21.6,58.3,OFF
22.8,31.6,OFF
23.4,56.2,OFF
29.4,61.3,ON
17.1,68.1,OFF
14.1,46.3,OFF
23.5,54.1,OFF
17.1,77.8,ON
33.4,56.1,ON
28.2,51.8,ON
25.3,69.1,OFF
37.6,37.5,ON
16.2,76.9,ON
25.9,59.7,OFF
21.5,15,OFF
27.5,46.2,OFF
22.9,50.7,OFF
15.6,61,OFF
17.9,59.8,OFF
32.9,45.8,ON
15.4,65.8,OFF
26.1,49.5,OFF
22,48.8,OFF
27.8,59.1,OFF
33.8,150,ON
17.5,180,OFF
23.9,37.3,OFF
17.9,33.4,ON
28.2,36.1,ON
23.2,37.4,OFF
15.1,53.3,OFF
20.3,35.5,OFF
23.8,,OFF
23.4,51.6,OFF
16.5,63.4,OFF
18.1,41.2,OFF
30,60,ON
20.9,49.4,OFF
22.2,68.2,OFF
-999,30.5,OFF
8.7,58.2,OFF
24.8,58.8,OFF
29.6,65.3,ON
27.9,50,OFF
21.8,,OFF
30.5,70,ON
17.8,66.8,OFF
33.7,59.4,ON
28,44.8,ON
22.7,39.2,OFF
22,63.4,OFF
17.3,56.5,OFF
12.4,63,OFF
27.1,50.6,OFF
29.4,64.1,ON
25.2,47,OFF
23,92.8,ON
-999,34.9,OFF
19.5,87.9,ON
25.5,58.8,ON
26.9,78.1,ON
24,49.3,OFF
28.9,71.9,ON
24.3,61,OFF
18,42.1,OFF
,47.4,OFF
27.7,56.5,OFF
27.9,57.2,OFF
15.5,47.8,ON
24.2,44.2,OFF
34.4,51.5,ON
25.8,78,ON
26.1,48.8,OFF
31.4,66.1,ON
22.9,42.2,OFF
25.9,-40,OFF
19,62,OFF
19.8,44.4,OFF
30,34.2,ON
25.9,67.3,OFF
22.1,63.4,OFF
29.6,999,ON
23.3,51.3,OFF
25.1,25.8,OFF
20.2,75.4,ON
30.4,70.7,ON
22.1,38.9,OFF
30.2,75.3,ON
18.9,39,OFF
20.6,51.7,ON
21.1,77.4,ON
15.9,35.3,OFF
12,49,OFF
25.4,26.9,OFF
27.2,45.4,OFF
29.9,39.6,ON
23.2,51.2,OFF
26.3,52.6,OFF
28.5,48.5,ON
28.1,73.8,ON
15,48.1,OFF
26.8,35.5,OFF
23.7,40,OFF
24.9,180,ON
25.3,67.7,OFF
25,56.1,OFF
21.5,15,OFF
,32.1,OFF
22.8,73.8,ON
19.5,48.2,OFF
19.8,52.2,OFF
85,65.9,OFF
21.6,71,ON
27.8,47.2,OFF
31.8,92.5,ON
24.7,50,OFF
31.5,67.5,ON
22.8,76.9,ON
19.8,60.1,OFF
26.8,77.9,ON
15.6,45.4,OFF
25.3,67.6,OFF
24.6,58.7,OFF
16.1,38,ON
15.5,52.2,OFF
26.8,57.2,OFF
20,44,OFF
32.4,34.2,ON
25.1,63.5,OFF
27.4,36.8,OFF
29.8,49.6,ON
25.3,73.4,ON
26.3,42.1,OFF
26.1,75.5,ON
22,,ON
23.2,44.5,OFF
34.4,31.1,ON
25.8,85.2,ON
25,59.3,OFF
27.4,50.6,OFF
26.2,44.4,OFF
21.9,35.1,OFF
30.2,82.7,ON
19.9,38.6,OFF
20.6,76.5,ON
21.7,89.1,ON
20.4,52.5,OFF
29.6,60.1,ON
30.9,64.9,ON
12.7,59.7,OFF
19.1,44.3,OFF
25.6,41.4,OFF
20.8,72.8,ON
22.2,55.9,OFF
16.8,34.5,OFF
19.1,62.7,OFF
24,29.5,ON
23.2,52.7,OFF
30.7,50.7,ON
15.2,86.6,ON
26.1,51.6,OFF
22.5,44.5,OFF
18.9,38.5,OFF
22.1,72.2,ON
19.1,53.9,ON
22.1,48.6,OFF
250,58.4,OFF
32.1,77.7,ON
23.2,45,OFF
23.7,46.6,ON
17.2,59.5,OFF
16.3,53.4,OFF
22.7,18.8,OFF
18.6,64.5,OFF
21.6,61.1,OFF
20.9,65.4,OFF
11.8,68.6,OFF
21.4,36.6,OFF
28.3,64.1,ON
24.7,40.2,OFF
16.8,58.2,OFF
20,53.8,OFF
18.7,58.4,OFF
19.4,46.1,OFF
28.8,56.6,ON
27.9,93.4,ON
10.3,52.6,OFF
19.8,50.9,OFF
27.7,65.4,OFF
15.2,39.3,OFF
24.3,60.2,OFF
18.2,68.1,OFF
23.5,40.7,OFF
26.4,49.1,ON
25.9,67,OFF
21.2,61,OFF
25.2,69.6,OFF
26.8,81.3,ON
20.7,71.3,ON
21.8,34.6,OFF
29.4,,ON
17.3,44.7,OFF
25.1,79,ON
23.9,41.2,OFF
21,26.3,OFF
24.5,69,OFF
27.5,35.7,OFF
38.2,17.3,OFF
18.4,53.5,OFF
28.5,60,ON
19.9,84.8,ON
27.9,78.5,ON
25.6,43.1,OFF
22.6,37.1,OFF
23.5,42.7,OFF
26.1,40.5,ON
21.6,46.1,OFF
21,61,OFF
28.1,41.8,ON
14.8,50.1,OFF
28.1,37.8,ON
25.8,65.4,OFF
27.2,40.7,OFF
,66.9,ON
29.2,44.3,ON
21.4,57.1,OFF
26,41.9,OFF
24.2,45.1,OFF
31.3,86.7,ON
25.9,50,OFF
26.1,66.4,OFF
20.9,73,ON
24.1,-40,OFF
26.7,76.4,ON
24.5,40.2,OFF
26.1,55.6,OFF
14.9,61.9,OFF
20,75.7,ON
30,35.3,ON
30.8,63.4,ON
34.7,55.2,ON
27,26.2,OFF
19.1,43.8,OFF
23.8,59.3,OFF
23.2,50.8,OFF
19.4,42.8,OFF
18.1,45.4,OFF
25.1,77.1,ON
12.2,49.7,OFF
23.5,51.4,OFF
26.7,72,ON
,68.4,ON
33.4,61.1,ON
19.8,73.3,ON
27.8,35.5,OFF
25.2,40.4,OFF
24.9,50.2,OFF
20.7,64.8,OFF
21.1,53.4,OFF
21.5,44.8,OFF
21,67.7,OFF
24.8,61.8,ON
26.3,51.4,OFF
22.7,65.1,OFF
23,59.8,OFF
14.5,42.7,OFF
32.1,31,ON
26.3,84.6,ON
24.2,51.5,ON
18.8,41.8,OFF
29.5,49.1,ON
32.6,56.9,ON
24.7,70.3,ON
29.5,61.5,ON
24,31.2,OFF
25,54.3,ON
27.1,65.3,OFF
23.7,71.6,ON
14.7,66.6,OFF
18.3,,OFF
21.3,45.9,OFF
29.1,41.5,ON
20,61.6,ON
20.9,180,OFF
20.3,49.6,OFF
29.7,66.9,ON
25.6,47.4,OFF
25.9,40.7,OFF
22.1,78.6,ON
32.9,73.1,ON
28.7,77.9,ON
29.4,70.7,ON
23.6,72.9,ON
25.9,56.2,ON
19.2,68.6,OFF
21.7,51.7,ON
16.2,56.1,OFF
19.8,53.1,OFF
11.9,42.6,OFF
26.9,48.8,OFF
19,55.5,OFF
21.9,82.4,ON
23.4,29.9,OFF
26.3,23.1,OFF
27.2,66.9,OFF
26.7,45.6,ON
18.4,70.2,ON
23.8,78.8,ON
24.3,20.9,OFF
19,71.7,ON
28.2,70.3,ON
15.5,42.4,OFF
30.1,58.5,ON
25,63.5,OFF
19.4,48.1,ON
24.7,67.8,OFF
23.6,51.5,OFF
27.6,67.1,OFF
19.4,60.8,OFF
23.9,45,OFF
27.4,51,ON
,38.8,OFF
26.7,36.4,ON
26.2,36.4,OFF
22.6,30.5,OFF
23.2,55.6,OFF
25.5,66.5,OFF
22.8,47.6,ON
85,56.9,OFF
26.6,64.9,OFF
18.7,58.1,OFF
14.9,50.5,OFF
18.8,31.2,OFF
29,75.3,ON
120,50.3,OFF
17.9,55.7,OFF
27.8,84.1,ON
21,57.2,OFF
24.5,74.1,ON
39.3,50.1,ON
28.6,36.6,ON
21.8,64.1,OFF
16.7,55.2,OFF
22.2,41.1,OFF
34.8,45.9,ON
30,55.5,ON
18.2,34.4,OFF
24,66,OFF
19,75.3,ON
20.4,39.1,OFF
23,43.8,OFF
27.9,28.4,OFF
28.4,42.1,ON
11.8,46.4,OFF
19.4,62.8,OFF
23.9,63.2,OFF
20.2,72.3,ON
22,66.6,OFF
24.3,71.4,ON
23.4,47.7,OFF
28.6,15,ON
22.2,58.1,OFF
23.9,15.2,OFF
30.8,64.1,ON
25.2,62.8,OFF
16.4,64.3,OFF
22.6,85.9,ON
33.2,19.7,ON
26.5,57.7,OFF
28.7,54.4,ON
12.3,33.5,OFF
25.9,69.3,OFF
26.9,49,OFF
19.8,41.8,OFF
23,58.6,OFF
30,38.1,ON
24.5,79.6,ON
25.6,51.9,OFF
31.8,72.8,ON
,77.9,ON
28.7,68.5,ON
16.7,59.2,OFF
15.7,46.2,OFF
29.9,45.5,ON
30.3,55.1,ON
16.7,58.8,OFF
19.1,70.7,ON
29.5,45.6,ON
14.1,70.7,ON
21.7,31.6,OFF
22,66.6,OFF
21.2,62.2,OFF
30.1,51.1,ON
28.4,70.8,ON
34.7,59.8,ON
20.7,46.5,OFF
21.8,61,ON
16.9,38.5,OFF
20.5,48.7,OFF
35.1,25.5,ON
22.9,50.7,OFF
34.2,58.4,ON
21.7,48,OFF
32.9,42.6,ON
31.8,66.1,ON
26,72.9,ON
29.3,51.8,ON
27.9,59.3,OFF
20,44.9,ON
15,54.8,OFF
-999,24.4,OFF
24.9,59.6,ON
29.3,56.5,ON
27.1,48.7,ON
24.4,51.3,OFF
,81.6,ON
14.4,72.6,ON
27.1,54,OFF
22.4,72.5,ON
25.4,36,OFF
21.1,46.7,OFF
26.2,36,OFF
13.6,70.7,ON
29.6,81.9,ON
17.1,31.8,OFF
22.5,48.7,ON
25.2,38.8,OFF
14.6,46.2,OFF
20.1,59.4,OFF
30.2,73.8,ON
23.5,43.1,OFF
18.1,61,OFF
23,57.3,OFF
22,78.8,ON
,59,OFF
15.8,79.9,ON
25,58.2,OFF
25.3,55.6,OFF
22.1,62.9,OFF
29.9,60.6,ON
,59.8,OFF
20.8,60.9,OFF
28,52.2,OFF
,57.5,OFF
25.8,51.7,ON
26.1,53.1,OFF
19.5,46.5,ON
20.3,39.1,OFF
35.5,45.6,ON
25.3,60,OFF
31.1,54.9,ON
21.1,69.6,OFF
27,48.4,OFF
24.8,46.7,ON
23.8,28.6,OFF
11.3,64.9,OFF
22.4,48.4,OFF
22.6,52.3,OFF
23.2,45.4,OFF
30.8,37.8,ON
15.6,58.7,OFF
21.9,41.6,OFF
24.3,54.5,OFF
20.8,73,ON
32.9,79.9,ON
25.4,55.9,OFF
18.7,54.2,OFF
23.3,52.6,OFF
22,48.5,OFF
19.9,42.2,OFF
25.4,71.2,ON
19.1,60.3,OFF
25.7,41.1,OFF
27.2,54.1,OFF
30.9,63.3,ON
29.7,73.5,ON
24.7,39.9,OFF
30.3,53.6,ON
24.2,43.4,OFF
18.5,48,OFF
21.1,38,OFF
40,53.9,ON
18.5,53.4,OFF
25.2,66.1,OFF
30.4,67,ON
25.8,32.7,OFF
20,45.7,OFF
20.2,46.9,OFF
23.2,67.4,ON
27.9,48.2,OFF
21.6,81.1,ON
22.4,54.6,OFF
30.5,47.5,ON
22.7,43.4,OFF
25,51.3,OFF
31.4,77.5,ON
28.6,70,ON
25.8,76.1,ON
20.9,78.2,ON
16.5,46.8,OFF
22.4,54.3,OFF
23.7,56.5,OFF
,56.5,ON
26.7,56.6,OFF
22.8,65,OFF
20.5,67.6,OFF
16.9,69.8,OFF
24.8,36.2,OFF
29.2,70.8,ON
26.3,53.4,OFF
16.9,30.7,OFF
31.5,46.6,ON
24.1,71.7,ON
21.4,70.6,ON
24.3,65.8,OFF
24.4,48.4,OFF
30.4,41.7,ON
22.4,43.2,OFF
18.1,54.3,OFF
26.2,51.7,OFF
31.6,73.1,ON
,50.8,OFF
25.8,,OFF
29.9,69.5,ON
21.8,56.5,OFF
21.7,65.1,OFF
32.9,42.3,ON
,80.6,ON
24.2,65,OFF
27.5,58.2,OFF
23.8,44.4,OFF
23.9,58.3,ON
16.9,44.9,ON
20.1,75.1,ON
16.8,63.9,OFF
24.8,59.3,OFF
26,37.3,ON
23.3,73,ON
29.7,72.7,ON
20.7,55.6,OFF
18.8,74.4,ON
16.8,52.5,OFF
23.3,45.8,OFF
20.9,58.7,OFF
31.7,84.3,ON
26.1,83.8,ON
24.7,72.5,ON
19.3,63.7,OFF
20.1,64,OFF
33.6,37.7,ON
25.1,30.5,OFF
27.4,39.9,OFF
22.1,32.5,OFF
85,60.8,OFF
19.8,78,ON
27.4,180,OFF
24.4,51.1,ON
23.6,56.6,OFF
24.5,77.1,ON
20,61.5,OFF
19,31.5,OFF
12.6,48.6,OFF
23.8,62.6,ON
40,55.1,ON
25.3,30.4,OFF
14.7,38.5,OFF
13.1,,ON
33.8,92.6,ON
26.3,42,OFF
20.1,53.2,OFF
18.4,61.7,OFF
21.7,58.2,OFF
23.6,46.2,OFF
22.6,73,ON
23.2,30.5,OFF
27.1,44.3,OFF
15.5,63.1,ON
20.7,85.2,ON
25.7,25.5,OFF
9.7,58.4,OFF
26.2,27.5,OFF
36.4,65.5,ON
22.6,74.6,ON
21.1,57.3,OFF
17.2,64,OFF
31.6,48.5,ON
28.3,48.6,ON
28.7,38.8,ON
19.5,67.4,OFF
18.6,,OFF
26.3,63.5,ON
23.3,15,OFF
30.1,33.2,ON
19.1,69,OFF
12.3,57,OFF
26.2,50.2,OFF
27.9,50.8,OFF
-55,56,OFF
22.6,27.4,OFF
29.7,57.6,ON
18.8,67.7,OFF
20.1,53.4,OFF
25.4,70.4,ON
120,65.5,OFF
29,42.4,ON
28.2,40.6,ON
20.8,53.5,OFF
22.1,44.8,OFF
22.8,61.4,OFF
19,63.3,OFF
31,56.5,ON
33.2,53.8,ON
17.9,70.9,ON
24.2,36,OFF
23.5,54.2,OFF
28.5,63.8,ON
23.2,41.6,OFF
23.1,80.9,ON
18.5,44.7,OFF
13.7,61.8,OFF
24.8,47.3,OFF
26.9,47.8,OFF
25,88.2,ON
16.7,37.6,OFF
17,48.9,OFF
26.6,48,ON
27.6,48,ON
,66.9,ON
32.3,51.2,ON
18.9,40.7,OFF
21.3,45.9,OFF
23.7,44.8,OFF
24.5,60.8,OFF
9.3,54.1,OFF
14.7,44.7,OFF
23.3,36.2,ON
30,51.2,ON
25.2,42,OFF
17.2,45,OFF
23.9,68.4,OFF
22.4,77,ON
20.8,55.6,OFF
10.2,48.5,OFF
17,57.7,OFF
22.2,49.6,OFF
21,63.9,OFF
25.7,41.8,OFF
21.1,43.7,OFF
21.3,75,ON
21.7,40.6,OFF
27.1,42.4,OFF
22.1,58.1,OFF
21.6,46.7,OFF
14.9,52.3,OFF
17.7,63,ON
22.6,58.9,OFF
22.3,83.7,ON
32.9,51.9,ON
32.2,44.6,ON
22.2,-40,OFF
14.6,-40,OFF
23.5,40.1,OFF
22.3,52.5,OFF
27.8,65.8,OFF
21.4,74.2,ON
27.6,32.7,OFF
25,59.7,OFF
31.2,79.7,ON
24.4,34.6,OFF
26,47.7,OFF
25.6,61.2,OFF
16.8,50.1,OFF
24,70.8,ON
28.5,,ON
18.9,41.3,OFF
27.6,61.8,OFF
33.2,64.9,ON
11.2,37.3,OFF
24.9,57.2,OFF
26.3,47.9,OFF
26.5,37.3,OFF
18.8,53.5,OFF
24.7,61.1,OFF
27,60.1,OFF
22.6,52.4,ON
22.1,-12,OFF
14.4,74.9,ON
21.9,56.3,OFF
28.3,48.7,ON
25.8,43.1,OFF
19.2,54.3,OFF
26.9,69.8,OFF
17.2,40.2,OFF
30.8,54,ON
21.1,76.9,ON
28.5,20,ON
26.8,30.3,OFF
23.4,81.7,ON
24.3,58.9,OFF
,71.6,ON
21.3,54.2,OFF
34.9,41,ON
24.4,58.9,OFF
23.8,57.2,OFF
22.7,59.3,OFF
24,57.4,OFF
18.9,25.8,OFF
31.2,85,ON
29.8,51.4,ON
27.2,,OFF
32.4,41.3,ON
20.7,51.7,OFF
16.2,81.5,ON
15,50.3,OFF
20.6,61.4,OFF
31.8,38.7,ON
30.2,33.6,ON
32.7,47,ON
28.9,39.1,ON
29.7,38.7,ON
26.1,72.8,ON
20.5,49.7,ON
26.1,72.8,ON
25.4,53,OFF
19.8,51.2,OFF
16,50.3,ON
28.5,68.9,ON
29,34,ON
17.3,44.5,OFF
24.2,47,OFF
21.8,45,OFF
19.5,64.7,OFF
29.5,53.6,ON
32,45.6,ON
20.3,83.2,ON
31.5,999,ON
26.3,49.6,OFF
22.6,74.3,ON
23.3,54,OFF
18.5,41.8,OFF
31.7,71.7,ON
24,61.1,OFF
14.8,67.3,OFF
18.6,69.9,OFF
27,38.4,OFF
30,49.4,ON
30.5,31.9,ON
27.6,52.9,OFF
20.3,36.3,OFF
24.1,54.4,OFF
21.7,48.3,OFF
25.7,18,OFF
21.7,49.2,ON
28,59.9,OFF
,72.7,ON
23.8,43.6,OFF
17.8,47.7,OFF
25.6,43.8,OFF
16.6,74.4,ON
18.4,65.4,OFF
21.6,49.3,OFF
25.8,72.3,ON
24.5,15,OFF
21.8,77,ON
27.7,67.5,OFF
27.8,50.2,OFF
24.1,61.3,OFF
20.2,18.5,OFF
19,51.8,OFF
14.7,43.1,OFF
22.1,75.3,ON
,91.2,ON
38.1,,ON
28,65.3,ON
20.3,31.9,OFF
26.6,65.5,OFF
23.6,74.6,ON
29.3,45.5,ON
20.4,50.2,OFF
17.9,66.6,OFF
24.5,47.9,OFF
25.3,52.3,OFF
19,73.5,ON
23.7,25.7,OFF
22.5,63.2,OFF
13.7,49.1,OFF
29.3,47,ON
22.6,72.3,ON
27.8,65.2,OFF
8,76.3,ON
27.6,59.5,OFF
20.5,58.7,OFF
21.1,65,OFF
25.4,47.7,OFF
22.1,,ON
26,39.4,OFF
23.3,52.9,OFF
26.4,47.1,OFF
16.3,31,OFF
21.3,81.7,ON
21.9,45.7,OFF
22.6,75.9,ON
28.3,57.6,ON
,15,OFF
24.6,52.3,ON
20,53.5,OFF
16.2,42.8,OFF
16.7,66.4,OFF
21.3,59.4,OFF
-55,55.5,ON
31.5,43.6,ON
30.9,61.5,ON
25.1,73,ON
26.5,28.7,OFF
24.4,37.7,OFF
13,87.8,ON
22.4,23.2,OFF
16.7,61.7,OFF
27.1,52.8,OFF
27.2,53.2,OFF
21.3,48.2,OFF
22.8,59.7,OFF
20.5,46.9,OFF
32,88.7,ON
24.6,66.2,OFF
16.2,63,OFF
27.3,25.7,OFF
24.6,23.7,OFF
29.7,37.1,ON
11,58.4,OFF
26,64.8,OFF
30.6,44.1,ON
27.2,71.6,ON
22,64.9,OFF
21.3,28.4,OFF
27.7,40.2,OFF
21,80.7,ON
14.1,44.8,OFF
25.6,85.1,ON
,78.5,ON
18,45.8,OFF
21.1,26.5,OFF
24.8,48,OFF
27.2,15,OFF
15.6,20.3,OFF
24.1,67.8,OFF
23.9,49.6,ON
29.2,36.8,ON
20.6,62.6,OFF
37.1,69.7,ON
26.4,42.1,OFF
24.1,53.9,OFF
27.9,59.9,OFF
21.2,62.5,OFF
22,33.4,OFF
17.4,40.1,OFF
21.6,33.8,OFF
24.1,62.3,OFF
18.3,180,OFF
29,38,ON
22,65.6,OFF
19.7,43.2,OFF
,47,OFF
23.8,36.2,OFF
23,42.3,OFF
19.1,58.6,OFF
-55,59.2,ON
23.2,74.1,ON
25.8,60,OFF
31.4,35.8,ON
19.2,34.2,OFF
22.5,66.7,OFF
31.9,28.2,ON
31.3,54.1,ON
25.8,78.5,ON
25.8,45,OFF
24.2,56.8,OFF
27.4,68,OFF
30.6,53.5,ON
19.2,59.4,OFF
27.7,70.1,ON
24.7,60.7,OFF
26.8,52.4,OFF
25.4,35.3,ON
25.9,69.4,OFF
26.1,54.7,OFF
25.6,61,OFF
30.3,49.7,ON
22.2,51.8,OFF
35.2,55.7,ON
22.2,87.9,ON
17.9,50.1,OFF
27.7,50,OFF
21.6,46.1,OFF
16.8,42.9,OFF
25.5,44.5,OFF
25.1,35.2,OFF
20.1,41.2,OFF
33.2,27.4,ON
26.8,61.9,OFF
23.5,58.7,OFF
15.9,60.2,OFF
19.8,66,OFF
22.3,46.6,OFF
250,55,OFF
20.4,72.4,ON
22.5,60.5,OFF
28.6,75.3,ON
26.4,43.9,OFF
20.9,43.6,OFF
34.4,31.5,ON
32.2,46.3,ON
16.1,35.8,ON
25.3,56.5,OFF
24.4,50.5,OFF
17.5,51.9,OFF
30.6,64.5,ON
22.4,60.6,OFF
20.4,39.8,OFF
27.3,29.6,OFF
28.9,60.9,ON
19.4,50.7,OFF
21,76.4,ON
22.7,81.9,ON
25.2,66.8,OFF
22.7,62.1,OFF
21.8,62.4,OFF
30,63.2,ON
26.8,49.9,OFF
30.2,70.4,ON
21.8,73.2,ON
23.1,59.5,OFF
,44.3,OFF
32.8,67.2,ON
27,61.9,OFF
25.4,88.4,ON
25.5,66.2,OFF
26.7,43.1,OFF
27.5,69.4,OFF
21.8,68,OFF
32.4,54,ON
22.1,85,ON
22,60.7,OFF
23.3,74.9,ON
27.2,71.9,ON
26.4,82,ON
26.3,30.9,OFF
11.9,40,OFF
16.5,50.8,OFF
23.5,52.7,OFF
32.8,49.8,ON
35.5,59.8,ON
25.6,58.6,OFF
28.5,46.5,ON
,45.6,ON
-55,60.5,OFF
28.3,34.4,ON
22.6,42.2,OFF
22.7,42.4,OFF
23.5,33.2,OFF
22.8,39.4,OFF
25.2,39.1,OFF
25.9,53.4,OFF
28.5,71.1,ON
28,73.5,ON
28,87.3,ON
24.6,85.5,ON
33.2,55.4,ON
22.9,23.7,OFF
20.2,55.8,OFF
26.8,63.2,OFF
24.5,49.9,OFF
23.1,25.2,OFF
32.9,88.3,ON
19.6,54.3,OFF
27.7,83,ON
27.9,39.7,OFF
21.1,56,OFF
10.7,41.2,OFF
20.6,33.8,ON
22.9,46.3,OFF
35.8,44.1,ON
23.9,50.1,OFF
21.9,23.1,ON
25.9,72.9,ON
34.2,61.2,ON
12.7,77.8,ON
24.7,56.4,OFF
27.6,44.1,OFF
25.1,52.3,OFF
25.5,43.3,OFF
22.5,57,OFF
21.3,55.2,OFF
18.4,62.9,OFF
27.2,37.8,OFF
18.6,60.2,OFF
24.7,41.4,OFF
36.1,71.5,ON
25.5,74.9,ON
30.3,50.7,ON
37.5,40.1,ON
26.8,48.6,OFF
14.8,70.2,ON
16.6,66.5,OFF
,67.7,OFF
23.9,49.9,ON
26.6,59.5,OFF
21.7,36,OFF
23.2,57.5,OFF
21.5,,ON
23.6,51.4,OFF
28.3,57.3,ON
21.9,55.8,OFF
27.4,43.7,OFF
36.2,71.9,ON
25,57.8,OFF
25.1,47.9,OFF
14.5,37.9,OFF
14.3,38.6,OFF
23.4,77.8,ON
16.9,84.3,ON
17.2,24.3,OFF
23,82.2,ON
16.6,37.2,OFF
26.9,62.3,OFF
20.7,62.8,OFF
16.7,75.7,ON
20.2,28,OFF
26.7,78.1,ON
26,35,OFF
30.5,64.5,ON
24.9,51.1,OFF
24.2,77.7,ON
30.8,150,ON
25.8,56.7,OFF
20,62.8,ON
16.9,51.5,OFF
26.3,59.6,OFF
21.1,43.3,OFF
23.9,,OFF
23.4,61.5,OFF
28.6,39.3,ON
22.3,43,OFF
21.6,61,OFF
36.2,57.5,ON
22.5,42.3,OFF
28.1,50.9,ON
20.5,51.2,OFF
29.1,48,ON
23.3,20.3,OFF
28.2,67.4,ON
17.4,27.3,OFF
24.3,42.1,OFF
-999,64.5,OFF
30.4,42.3,ON
18.9,54.4,OFF
26.9,52.9,OFF
26.1,51.8,OFF
30,61.1,ON
24.6,53.9,OFF
26.8,46.5,OFF
34.2,36.3,ON
,44.7,OFF
19.4,23,OFF
28.9,36.3,ON
120,44.6,OFF
15,57.7,OFF
27.8,90.1,ON
22.5,66.7,OFF
20.6,55.9,OFF
25,42.9,OFF
26.9,50.1,OFF
17.9,45.9,OFF
24.5,78.2,ON
25.5,76.2,ON
25.1,16.2,OFF
20.8,22.1,OFF
-999,49.7,ON
18.4,63.2,OFF
22.4,75.6,ON
27.1,46.9,OFF
24,38.6,OFF
16.1,48.6,OFF
19.5,51.5,OFF
26.4,77.3,ON
120,59.2,OFF
23.3,70.3,ON
19.2,45.1,OFF
23.7,69.7,OFF
22.9,43.6,OFF
25.1,68.7,OFF
27.2,62.7,OFF
27.8,73,ON
31.2,60.3,ON
23.2,76.5,ON
25,59.3,OFF
25,42.6,OFF
32.1,,ON
17.7,46.3,OFF
24.5,68.5,OFF
14.8,44.9,OFF
23.1,57.8,OFF
19.5,66.1,OFF
23.2,51.7,OFF
19.3,59.4,OFF
28.3,26.9,ON
25.9,55.6,OFF
18.2,63.7,OFF
32.1,39,ON
26.7,67.8,OFF
24.5,78.7,ON
31.1,78.5,ON
,75.8,ON
22.4,59.6,OFF
14.3,80.2,ON
24.7,52.7,OFF
24.5,56.6,OFF
28.1,53.3,ON
24.1,78.7,ON
27.2,44.2,OFF
33,57.9,ON
25.1,53.5,OFF
24.4,67.2,OFF
17.1,61.1,OFF
22.1,43.7,OFF
16.4,999,OFF
25.8,77,ON
19,43.1,OFF
30.5,53.7,ON
24.8,48.1,OFF
32.6,35.6,ON
18.7,59.3,OFF
17.6,66.2,OFF
22.7,51.8,OFF
20.7,55.9,OFF
17.7,76,ON
26.6,16.3,OFF
26,44,OFF
23.2,63.6,OFF
24.2,29.1,OFF
28.3,74.9,ON
21.9,47.3,OFF
26.3,66.5,OFF
24.5,57.8,OFF
22.9,78.7,ON
22,57.1,OFF
27.2,68.1,OFF
,47.5,OFF
25.8,68.5,ON
27.3,42,OFF
27.2,61.3,OFF
27.8,73.7,ON
23.2,47.7,OFF
23.1,76.4,ON
20.6,36,OFF
28.9,61.3,ON
8.4,62.1,OFF
28.5,49.7,ON
23.1,53.4,OFF
29.2,70,ON
24.7,49.5,OFF
22.8,32,OFF
20,90.5,ON
20.3,53.3,OFF
26.1,44.3,OFF
24.4,39.8,OFF
29,61.2,ON
19.6,70,OFF
30.2,33.5,ON
33.9,62.5,ON
25.1,50.1,OFF
23.2,61.9,OFF
29.5,78,ON
29.6,66.3,ON
27.7,76.2,ON
27.9,15,OFF
14.8,55.1,OFF
29.2,,ON
24.5,64,OFF
28.5,77.2,ON
21,48.1,OFF
27.4,66.7,OFF
25.7,43.7,OFF
,73.7,ON
22.7,54.1,OFF
36.3,34.8,ON
22.8,63.6,OFF
25,30.3,OFF
25.2,54.9,OFF
28.7,33.1,ON
29,30,ON
26.2,56.1,OFF
24.5,40.9,OFF
26.9,67.5,OFF
85,48.6,OFF
16.8,54.1,OFF
29.1,66.5,ON
22.4,72.8,ON
24.5,47.1,OFF
18.3,45.4,OFF
19.4,26.9,OFF
29.1,53.4,ON
18.1,43.7,OFF
17.6,70.9,ON
19.2,22,OFF
18.6,37.2,OFF
25.9,54.2,OFF
21,53.4,OFF
27.3,63.1,OFF
24.8,-12,OFF
35.2,84.7,ON
16.5,59.3,OFF
13.1,49.1,OFF
25.6,22.1,OFF
22.4,41.6,OFF
20.6,50,OFF
28.5,53.1,ON
18,76.6,ON
30.6,55.6,ON
23.1,78.6,ON
16.9,78.2,ON
22.1,67.9,OFF
13.9,53.1,OFF
23.4,15,OFF
15.3,38.8,OFF
9.2,53.1,OFF
30,52,ON
24.2,61.2,OFF
22.6,42.5,OFF
25.7,30.9,OFF
24.1,55.6,OFF
34,64.5,ON
17.4,69.2,OFF
22,30.5,OFF
18.9,67.5,OFF
20.8,72.2,ON
25.5,50.5,OFF
17.4,60.3,OFF
18.3,25.3,ON
26.5,-40,OFF
,61,OFF
,74.9,ON
29,51.6,ON
28.5,77.9,ON
25,71,ON
31,61.9,ON
25.2,57,OFF
30.8,40.5,ON
20.6,58.7,OFF
33.1,58.3,ON
,78.9,ON
21,44.9,OFF
17.7,45,OFF
26.9,33.8,ON
20.8,63.6,OFF
19.1,83,ON
20.4,62.6,OFF
22.1,34,OFF
25,39,OFF
28.3,42.1,ON
28.7,,ON
22.8,59.1,OFF
22.2,46.4,OFF
26,37.8,OFF
24.5,77.3,ON
25.5,43.1,OFF
26.3,48.5,OFF
23.1,71.3,ON
22.5,50.4,OFF
20.1,33.3,OFF
21.2,40.4,OFF
25.1,29.6,ON
18.1,74.2,ON
29.3,35.2,ON
19.9,49.6,OFF
22.9,50.6,OFF
,64.8,ON
30.1,68,ON
27.3,42.5,ON
28,33,OFF
20.9,56.3,OFF
19.1,26.5,OFF
18.6,61,OFF
24.2,57.9,OFF
17.4,58.5,OFF
26.6,36.9,OFF
14.4,76.9,ON
20.5,61.5,OFF
27,52,OFF
30.8,43.8,ON
30.5,57.8,ON
19.5,50.7,OFF
26,59.2,ON
26.9,56.3,OFF
20.7,54.2,OFF
22.4,56.2,OFF
20.3,61,OFF
24.1,40.7,OFF
19.8,55.4,OFF
30,53.8,ON
22.6,,OFF
27.5,53.9,OFF
25.6,60.2,OFF
23,90.4,ON
250,53.9,OFF
28.4,55.7,ON
27,76,ON
12.3,29,OFF
21.9,49.8,OFF
19.8,50.8,OFF
19.4,59.6,OFF
24.9,47.7,OFF
23.9,69.2,OFF
26.9,31.4,ON
19.5,48.4,OFF
25,67,OFF
23.9,50.7,OFF
25.7,54.9,OFF
24.4,39.4,OFF
29.7,77.9,ON
20.2,46.1,OFF
17.5,59.5,OFF
28.1,74.6,ON
28.8,31,ON
30.7,46.6,ON
16.1,42.3,OFF
26.3,64.6,OFF
19.5,84.4,ON
18.3,79.9,ON
27.7,,OFF
24.8,28.7,OFF
21.2,71.1,ON
25.1,53,OFF
29,49.2,ON
22.5,26.9,OFF
21.8,45,OFF
25.2,55.7,OFF
30.2,73.6,ON
25.7,71.1,ON
26.2,55.1,OFF
22,56.8,OFF
20.3,50.3,OFF
23.7,42.8,OFF
23.6,60.4,OFF
29.5,53.5,ON
22.8,59.9,OFF
30.1,39.7,ON
20.5,55.4,OFF
22.3,59.8,OFF
28.2,53.2,ON
22.2,48.2,OFF
24.1,60,OFF
21.8,43.7,OFF
24,49.1,OFF
18.1,48.1,OFF
20.3,71.7,ON
17.1,63.2,OFF
30.8,54.5,ON
22.7,58.1,OFF
,68,OFF
33.4,60.7,ON
27.5,73.8,ON
31,48.6,ON
20.3,41.2,OFF
22.2,40.3,OFF
27.8,,OFF
30.5,66.8,ON
17.4,80.6,ON
23.8,24.6,ON
22.9,63.3,OFF
29.2,75.9,ON
31,63.7,ON
17.7,53.4,OFF
30.3,47.3,ON
27.5,41.7,OFF
16.2,41.8,OFF
19.1,57,OFF
16.5,58.1,OFF
18.3,29.8,OFF
14.3,95,ON
26.3,50.9,OFF
27.4,43.3,OFF
38.1,55.1,ON
21.9,51.3,OFF
29.5,78.6,ON
23.4,66.8,OFF
15.4,48.8,OFF
30.1,38.3,ON
25.2,56.3,OFF
22.5,66.6,OFF
29,60.1,ON
19.7,69.4,OFF
22.5,49,OFF
22.9,63.8,OFF
23.4,59.9,OFF
21.9,59.6,OFF
40,17.3,ON
15.9,78.8,ON
19.9,78.7,ON
17.2,50.5,OFF
22.6,65,OFF
28.6,56.4,ON
33,75,ON
21.3,999,OFF
14.6,56.5,OFF
19.9,67.9,OFF
17.1,45.2,ON
-999,29.8,OFF
20.3,52.1,OFF
27.5,60.6,OFF
21,28.1,OFF
,18.3,OFF
24.3,63.1,OFF
25.6,39.2,OFF
19.7,56.7,OFF
29.9,51.8,ON
27.2,52,OFF
35.7,48.5,ON
23.3,54.6,OFF
30.2,62.9,ON
23.9,44.9,OFF
26.5,53.9,OFF
29.8,25.6,ON
29.5,25.9,ON
25.1,43,OFF
25.4,33.2,OFF
30.1,26.1,ON
20.8,64.4,OFF
22.7,71.5,ON
21.5,60.3,OFF
21.2,63.9,OFF
31.4,48.6,ON
18.3,52.3,ON
28.9,75,ON
21.8,66.6,OFF
29.1,50.8,ON
26.7,51.6,OFF
19.2,83.2,ON
20.4,61.6,OFF
31.1,42.4,ON
19.5,57.7,OFF
26.5,73.7,ON
28.8,62.6,ON
20.8,49.5,OFF
26.5,,OFF
24.7,70.2,ON
27.1,50.9,ON
30,40,ON
27.2,58.1,OFF
20,52.8,OFF
26.2,,OFF
21.4,53.5,OFF
18.3,89.4,ON
23.4,65.6,OFF
25.2,75.2,ON
25.5,48.5,OFF
18.6,24,OFF
23.7,63.2,OFF
20.1,95,ON
22.4,68.7,OFF
27.2,93.4,ON
23.8,50.1,OFF
25.6,45.9,OFF
15.1,61.2,OFF
22.5,41.1,OFF
20.6,71.4,ON
16.5,72.5,ON
23.4,66.9,ON
20,41.1,OFF
30.7,74.1,ON
20.1,77.2,ON
28.5,46.5,ON
23.1,72.3,ON
15.5,51.4,OFF
30.2,90.3,ON
31.9,69.6,ON
21.8,42.7,OFF
32.6,64.9,ON
23.8,53.5,OFF
27.8,61.8,OFF
16.6,,OFF
25.6,61.3,OFF
19.7,45.8,OFF
22.3,45.4,OFF
27.3,56.9,OFF
,65.7,ON
22.7,25.4,OFF
16.5,89.9,ON
26.2,49.8,OFF
30.9,73.8,ON
20.1,56.7,OFF
17.4,79,ON
21.9,54.5,OFF
250,58.5,OFF
26.7,87.1,ON
21.7,51.7,OFF
25.4,47.4,OFF
20.7,60.1,OFF
29.6,53.7,ON
27.6,46.3,OFF
22.7,85.8,ON
27.1,74.9,ON
23.6,51.3,OFF
22.8,92.1,ON
27,64.9,OFF
27.3,82.2,ON
23.9,57,OFF
25.8,54.1,OFF
15.5,55.3,OFF
20,29.3,ON
26.3,53.8,OFF
19.2,64,OFF
34.3,42.3,ON
14.6,32.3,OFF
31.9,51.9,ON
25,87.6,ON
22.1,62.7,OFF
22.6,60.5,OFF
24.2,49,OFF
17,63.7,OFF
28.6,-12,ON
30.4,63.5,ON
22.5,49.2,OFF
28.9,62.3,ON
18.1,47.4,OFF
23.6,59.3,OFF
120,53,ON
21,88.5,ON
20.4,42.3,OFF
23.9,43.1,OFF
-999,49,OFF
22.5,60,OFF
24.2,57,OFF
22.2,71.8,ON
17.5,83.9,ON
27.8,79.6,ON
27.2,53.7,OFF
26,49.2,ON
23.5,41.3,OFF
30.8,73.3,ON
25.1,27.1,OFF
30.6,56,ON
28.6,65.5,ON
24.9,46.2,OFF
31.2,60.5,ON
19.7,71.9,ON
23.1,44.9,OFF
27.7,30.4,OFF
31.2,44.8,ON
26.1,67.2,OFF
30.3,39.5,ON
21.6,46.4,OFF
23.1,74.7,ON
28.7,47.5,ON
30.5,75.6,ON
30.3,76.4,ON
25.7,33.1,OFF
17.8,35.3,OFF
18.8,70.3,ON
27.2,35.9,OFF
19.9,54.6,OFF
25.6,46.3,OFF
22,56.3,OFF
19.9,80.7,ON
27.4,56.9,OFF
25.9,51.8,OFF
22.9,59.8,OFF
24.3,41.7,OFF
17.7,45.2,OFF
31.4,47.1,ON
14.9,180,ON
29.7,55.8,ON
26.9,48.8,OFF
26.7,67.6,OFF
,54.5,OFF
23,53.6,OFF
33.5,50.6,ON
24.2,60.2,OFF
28.6,72.9,ON
17.6,46.2,OFF
23,58,OFF
25.1,65.1,OFF
26.1,29.3,OFF
25.7,53.3,OFF
24.1,28.4,OFF
29.4,48.6,ON
17.1,64.3,OFF
23.6,47,OFF
21.4,89.5,ON
30.9,51.5,ON
28,43.5,OFF
20,45.9,OFF
-55,41.5,OFF
23.9,82.9,ON
27.5,51.6,OFF
21.3,49.7,OFF
,53.1,ON
28.1,51.6,ON
28.2,81.7,ON
24.8,36.5,OFF
17.2,56.3,OFF
85,67,ON
28.4,39.9,ON
27.6,51,OFF
24,46.4,OFF
24.9,60.3,OFF
24.2,38.3,OFF
17.6,57.2,OFF
19.4,47.2,OFF
27.4,27.7,OFF
17.9,88.5,ON
26.3,54.9,OFF
26.2,56.3,OFF
28.4,57.6,ON
21.6,38.9,OFF
23.1,38.7,OFF
26.3,34.6,OFF
30.2,35.5,ON
31.7,24.7,ON
21.2,62.6,OFF
22.9,64.6,OFF
24.2,58.2,OFF
28.9,45.6,ON
,55.4,OFF
33.1,50.4,ON
23,25.3,ON
31.2,53.1,ON
19.7,53.4,OFF
19.2,38.8,OFF
24.7,80.6,ON
17.4,36.9,ON
31.7,60.9,ON
26.5,54.2,OFF
14.5,48.2,OFF
23.1,43.9,OFF
19.2,48.3,OFF
23.5,37.7,OFF
28.6,70.3,ON
23.7,46.7,OFF
17.2,60.6,OFF
,52.9,OFF
25.4,63.3,OFF
23.6,38.9,OFF
25.2,74,ON
21.2,35.2,OFF
26.1,40.9,OFF
23.6,69.1,OFF
33.2,54.7,ON
21.8,50.9,OFF
26.1,45.7,OFF
22.5,68.3,OFF
21.5,61.5,OFF
27.4,40.4,OFF
30.8,63.3,ON
33.2,,ON
24.8,82.7,ON
22.7,43.1,OFF
250,36,ON
25.6,,OFF
29.3,68.4,ON
30.7,41.9,ON
29.7,47,ON
29.4,74.6,ON
25.3,-12,OFF
25.1,56.9,OFF
32.4,55.9,ON
,61.8,ON
27.8,46.6,OFF
32.1,75.4,ON
19,66,OFF
26,43.5,OFF
26.8,55.1,OFF
21.7,49.8,OFF
26.7,50.6,OFF
23.6,49.6,OFF
24.2,64.2,ON
28.5,51,ON
15.8,72.2,ON
23.6,73,ON
27.1,61,OFF
26.9,82.7,ON
27.1,51.9,ON
25.9,46.1,OFF
26.2,22.3,ON
30.5,73.4,ON
13.1,58.2,OFF
15.3,50,OFF
24.1,49.9,OFF
18.7,45.5,OFF
21.1,86.7,ON
31,76.2,ON
20.9,66.5,OFF
19,67.3,OFF
31.5,52.3,ON
19.7,49.4,OFF
18.8,77.3,ON
22.6,43.3,OFF
22.7,-40,OFF
19.6,38.8,OFF
14.7,61.4,OFF
27.5,75.1,ON
26,86,ON
22.2,53,OFF
250,74.6,ON
27.4,55,OFF
22.9,51.7,OFF
22,,OFF
30.2,54.6,ON
24,58.3,OFF
27.2,39.2,OFF
28.3,63.7,ON
28.4,61.9,ON
23.9,61.8,OFF
22.9,55.3,OFF
25.7,45.1,ON
16.2,57,OFF
23.4,24.3,OFF
28.9,52.3,ON
24.4,63.2,OFF
34,,ON
26.2,52.3,OFF
26.4,90.9,ON
23.1,41.6,OFF
27.8,83.1,ON
12.4,65.3,OFF
26.3,43,OFF
26.4,68.9,OFF
25.8,55.7,OFF
16.7,66.7,OFF
16.7,47.5,OFF
26.8,46.9,OFF
27,50.7,OFF
23.5,56.6,OFF
27.2,58.3,ON
27.7,67.3,OFF
,58.1,OFF
26.7,61.3,OFF
21.2,50.2,OFF
17.1,27.1,OFF
23.3,45.1,OFF
,48.8,OFF
17.2,47.1,OFF
21.1,63.3,OFF
27.5,49.7,OFF
22.5,61.5,ON
25.1,39.5,OFF
22.4,73.9,ON
31.9,53.4,ON
19.5,53.6,OFF
26.8,52.3,OFF
25.1,60.7,OFF
25.9,31.5,OFF
27.2,43.9,OFF
24.9,49.5,OFF
28.1,35.9,ON
16.9,40.9,OFF
11.9,53.5,OFF
18.2,57.8,OFF
20.1,49,OFF
29.1,64.1,ON
27,37.8,OFF
23.8,59.5,OFF
25.1,67,OFF
17.9,40.7,OFF
30.5,61.7,ON
22.8,58.4,OFF
23.4,43.5,OFF
23.8,63.2,OFF
19.5,57.1,OFF
24.1,54.8,OFF
21.8,72.7,ON
16.3,53,OFF
27.7,61.6,OFF
27.3,39.1,OFF
27.2,76.4,ON
23.7,79.3,ON
29.9,60.8,ON
23.1,78.3,ON
22.3,-40,OFF
25.2,54.3,OFF
27.5,70.3,ON
30.9,68.2,ON
27.3,51.2,OFF
19.9,56.6,OFF
21.7,67,OFF
22.4,50.7,OFF
27.4,,OFF
31.3,73.2,ON
29.5,29.1,ON
25.2,82.6,ON
30.2,-40,ON
32.9,79.1,ON
19.2,30.2,OFF
13.5,47.9,OFF
22,52.8,OFF
22.4,64.3,OFF
27.2,52.1,OFF
22.4,61.3,OFF
24,67.3,OFF
26.4,36.9,OFF
19.2,51.1,OFF
23.8,44,OFF
23.3,58,OFF
28.2,54.6,ON
,53.4,OFF
23.7,54.3,OFF
21.7,50.2,OFF
26,56.8,OFF
18.9,69.7,OFF
28.2,38.3,ON
23.6,65.4,OFF
24.9,,OFF
28.1,51.5,ON
23.2,54.6,OFF
27.7,73.6,ON
33.7,38.9,ON
22.7,89.1,ON
18.4,74.5,ON
22.2,39.7,OFF
17.2,53.8,OFF
33.6,68.1,ON
33.8,87.7,ON
19.7,30.5,OFF
25.1,52.6,OFF
20.9,54.3,OFF
27.2,74.3,ON
28.9,59.7,ON
19.9,50,OFF
26.6,59,OFF
21.6,52.1,OFF
20.3,86.1,ON
22,62.8,OFF
25.1,15,OFF
18.2,63.6,OFF
25.3,61.8,OFF
18.6,46.7,OFF
17.1,60.2,OFF
30.7,43.1,ON
33.4,36.1,ON
24,39.4,OFF
22.8,62,OFF
21.6,52.5,OFF
19.6,62.2,OFF
27.1,42.5,OFF
17,64.8,OFF
15.4,64.7,OFF
23.2,56.6,OFF
34,49.9,ON
23.3,55.3,OFF
13.2,71.4,ON
20.4,55.5,OFF
29.2,77.1,ON
22.6,48.5,OFF
21.6,62.4,OFF
20.4,34,OFF
19.4,76.8,ON
20.5,62.3,OFF
22.2,41.1,OFF
19.2,50.9,OFF
24.7,33.4,OFF
18.6,92.2,ON
21.5,55.9,OFF
23.7,45.7,OFF
24.7,74.1,ON
9.5,65.4,OFF
21.5,51.1,OFF
19.4,-40,OFF
26,-40,OFF
22.2,43.7,OFF
25.2,62.8,OFF
34.6,51.6,ON
17.4,56.1,OFF
23.3,37,OFF
21.6,50.8,OFF
21.4,31.4,OFF
17.5,66.7,OFF
120,60.4,OFF
15.5,91.9,ON
29.7,53,ON
21.3,69.3,OFF
35.1,57.4,ON
23.8,69.8,OFF
23.4,63,OFF
24.3,22.7,OFF
18.8,41.7,ON
,71.4,ON
16,60.6,OFF
16.9,70.3,ON
22.3,28,OFF
25.2,50.5,OFF
29,59.1,ON
28,30.4,OFF
15.6,43.9,OFF
32.2,55.2,ON
28.3,59.6,ON
16.7,36.1,OFF
28.7,62.4,ON
20.7,46.1,OFF
36.1,69.2,ON
18.3,37.1,OFF
34.9,44.5,ON
24,180,OFF
27.2,,OFF
28.1,68,ON
19.4,65.2,OFF
28.3,58.1,ON
31.2,45.5,ON
26.7,,OFF
21.7,21.4,OFF
25.7,43.2,OFF
28.3,56.6,ON
21.6,33.6,OFF
17.9,62.7,OFF
24.9,72.8,ON
27,150,OFF
24.7,91.5,ON
23.5,57.8,OFF
32.6,37.8,ON
27.3,35.6,OFF
26,44.9,OFF
21.9,46.4,OFF
18.2,46.1,OFF
28.5,31.7,ON
26.5,46.6,OFF
19.2,43.1,OFF
,78.6,ON
28.5,50.7,ON
30.4,54.8,ON
28.6,59.6,ON
21.6,73.4,ON
29.9,75.7,ON
26,71.7,ON
19.9,68.3,OFF
13.5,67.8,OFF
24.6,35.3,OFF
18.9,54.1,OFF
,37.8,OFF
26.4,35,OFF
24,59.1,OFF
25.2,63,OFF
32.8,82.2,ON
28.2,,ON
26.7,74.6,ON
14.6,35.8,OFF
27.1,39.8,OFF
15.7,73.6,ON
26.1,43,OFF
22.8,40.6,OFF
17.4,53.4,OFF
21.2,64,OFF
21.9,64.8,OFF
25.7,70.1,ON
35.2,40.6,ON
34.1,46.5,ON
30,41.2,ON
25.4,52.2,OFF
25.1,48,OFF
23.1,59.7,OFF
37.7,38.5,ON
17.9,40.8,OFF
27,62.2,OFF
24.6,69.7,OFF
10.7,63.6,OFF
26.7,58.3,OFF
20.2,31.7,OFF
24.2,65,OFF
19.6,51.1,OFF
22.6,53,OFF
20,41.8,OFF
23.1,53.6,OFF
21,65.6,OFF
18.8,41.3,OFF
18.1,61.5,OFF
21.8,47.1,OFF
21.8,24.3,OFF
15.2,41.2,OFF
21.1,53.7,OFF
25.9,85.3,ON
25.4,55.9,OFF
18.5,75.1,ON
20.5,81.3,ON
16.2,46.6,OFF
26.8,63.9,OFF
23.9,57.9,OFF
27.1,63,OFF
20.7,45.4,ON
17.3,61.9,OFF
30.5,40.2,ON
23.8,66.8,OFF
31.7,,ON
26.4,52.1,OFF
27,69.9,OFF
21.2,36.3,OFF
,77.3,ON
26.4,34.3,OFF
23.7,67.8,OFF
31,81.1,ON
31.8,54.9,ON
20.7,,OFF
24.5,71.3,ON
13.6,62,ON
29.5,68.5,ON
30,68.4,ON
20.4,38.7,OFF
26,40.6,OFF
21.7,54.1,OFF
28,36,OFF
10.4,39.6,OFF
32,,ON
27.8,57.8,OFF
26,67.8,OFF
33.3,30.4,ON
27.9,25.5,OFF
28.3,46.8,ON
24.6,41.5,OFF
21.4,56.2,OFF
22.5,43.5,OFF
22.7,50.7,OFF
26.2,48.6,OFF
25.7,51.8,OFF
14.1,49.2,OFF
27.7,63.6,OFF
26.8,83.6,ON
18.8,55.4,ON
30.1,41.1,ON
22.7,42.3,OFF
27.5,47,OFF
27.7,46.6,OFF
22.8,29.6,OFF
30.2,57.8,ON
14.3,59.7,OFF
26.2,50.7,OFF
32,55.3,ON
23.1,87.8,ON
23.3,61.5,OFF
14,55.1,OFF
26.4,55.2,OFF
-55,88.2,ON
27.5,65.5,OFF
23.7,70.3,ON
28.5,73.1,ON
31.3,32.8,ON
23.8,58,OFF
15.3,49.9,OFF
25.4,78.1,ON
27.6,68.9,OFF
21.2,48.9,OFF
16.5,56.6,OFF
23.2,38.1,OFF
27.8,150,OFF
25.3,57.8,OFF
21.2,52,OFF
-999,55.4,OFF
26.9,56.1,OFF
16.3,62.7,OFF
19.9,22.9,OFF
28.2,47.9,ON
26.2,84.8,ON
20.1,51.4,OFF
29.9,41.2,ON
27.8,80.9,ON
26.6,62.2,OFF
23.5,61,OFF
21.9,37.1,OFF
24.2,41.3,OFF
22.7,70.4,ON
21.1,58.6,OFF
27.1,53.7,OFF
18.8,72.5,ON
17.4,68.9,OFF
21,56.2,OFF
23.8,54.6,OFF
26.2,89.6,ON
30.4,46.3,ON
28,60.5,OFF
24.6,51.9,OFF
17,22.3,OFF
19.2,43.1,OFF
10.3,58.2,OFF
33.2,72.5,ON
22.5,22.6,OFF
23.7,57.2,OFF
120,52.2,OFF
,51,OFF
19.7,61,OFF
25.7,74.8,ON
25.1,55.9,OFF
26.7,55.3,OFF
30,76,ON
,24.7,ON
23.1,35.7,OFF
23,52.5,OFF
34.1,72.3,ON
32.9,30.9,ON
31.4,57.6,ON
15.8,31.4,OFF
24.2,88.3,ON
,67.8,ON
16.3,46.6,ON
20.8,73,ON
22.9,44.1,OFF
22,66,OFF
33.1,,ON
17.1,32,OFF
28,52.2,ON
29.3,37.1,ON
19.5,52.7,OFF
17.2,44.5,OFF
15.8,15,OFF
22.7,180,ON
27,38.5,OFF
34.4,58.4,ON
21.3,36.5,OFF
13.5,43.6,OFF
18.3,35.1,OFF
18.9,52.4,ON
16.4,150,OFF
24.2,42.2,OFF
29.4,24.2,ON
25.2,69.6,OFF
17.4,72.8,ON
19.6,52.9,OFF
22.1,60.3,OFF
27.4,60.1,OFF
28.5,54.8,ON
18.9,95,ON
29.1,39.5,ON
26.1,45.3,ON
25.4,82,ON
26.5,51.6,OFF
23.4,61.3,OFF
18.5,53.5,OFF
22.3,79.2,ON
23.6,32.8,OFF
21.2,56.7,OFF
26.8,68.8,OFF
24.3,22.1,OFF
21.5,53.7,OFF
23.1,58.8,OFF
28,61.5,OFF
26.7,45.6,OFF
24,46.2,OFF
24,54.2,OFF
14.2,60.5,OFF
26.9,83.1,ON
31.1,71.4,ON
26.5,72.4,ON
27.5,39.4,OFF
24.3,51.5,OFF
24.5,60.4,OFF
26.1,65.3,OFF
27.4,55.7,OFF
24.6,22.3,OFF
15.1,74.7,ON
25.2,,ON
25.9,56.5,OFF
26.5,42.7,OFF
18.5,58.8,OFF
24.8,52.4,OFF
27.8,53.8,OFF
21.3,60.9,OFF
24.5,58.2,OFF
21.6,76,ON
30.7,53.4,ON
22.3,43.7,OFF
23.2,69.5,ON
27.6,36.3,OFF
25.8,47.4,OFF
24.5,38,OFF
28.1,30.3,ON
14.3,29.8,OFF
23.6,47.4,OFF
27.6,44.5,OFF
,58.9,ON
39.6,37.6,ON
25.4,62.4,OFF
25.3,71.3,ON
18.9,54.3,OFF
35,81.1,ON
23,82.6,ON
14.6,69,OFF
32.3,51,ON
28,54,OFF
24.8,90.1,ON
20.1,34.5,OFF
24.7,68.1,OFF
30.1,50.9,ON
32.7,46.8,ON
32.8,47.4,ON
23.1,55.7,OFF
18.1,53.1,OFF
26.5,76.4,ON
33,43.2,ON
23.7,61.8,OFF
29.2,58.9,ON
21.5,36.8,OFF
19.8,26.2,OFF
24,46.9,OFF
17.5,40.7,OFF
12.1,55.2,OFF
20.9,57.7,OFF
21.4,56.1,OFF
21.3,60.8,OFF
-999,42.9,OFF
20.1,,OFF
28,38.1,OFF
27.1,75.1,ON
26.4,94.2,ON
17.6,48,OFF
17.6,71.6,ON
14.4,51.7,OFF
25.7,27.8,OFF
18.3,60,OFF
26,40.7,OFF
26.8,95,ON
12.3,49.6,OFF
21.8,40.1,OFF
18.7,44.4,ON
26.2,64.3,OFF
25.8,23.6,OFF
16.8,52.8,OFF
20.5,47.5,OFF
19.4,62.3,OFF
33.9,150,ON
28.6,42.6,ON
22.5,42,OFF
21.2,49.4,OFF
20.5,24.9,ON
25.1,59.1,OFF
23,59.2,OFF
23.8,78.7,ON
22,76.3,ON
28.1,18.6,ON
33.7,61.2,ON
24.7,33.4,OFF
19.1,47.4,OFF
12.6,61.2,OFF
24.9,52.9,OFF
23.7,67.9,OFF
22.9,84.6,ON
22.7,63.9,OFF
32,28.7,ON
32.1,52.3,ON
35.2,68.1,ON
30.3,74.7,ON
25.1,41.4,OFF
25.8,80.5,ON
23.4,64.8,ON
16.9,55.8,OFF
26.3,52,OFF
26.4,33.4,OFF
22,54.1,OFF
21.7,52.5,OFF
22,60.2,OFF
27.5,65.7,OFF
25.7,50.2,OFF
26.8,55.7,OFF
22.4,28.9,OFF
22.7,56.5,OFF
25.1,58.7,OFF
17.1,45.3,OFF
22.4,54.8,OFF
-55,53.5,OFF
19.3,56.8,OFF
16.5,68.6,OFF
17.5,53.9,OFF
20.9,60,OFF
28.5,78.2,ON
25.8,57.2,OFF
22.3,70.7,ON
20.3,43.1,OFF
24.5,68.3,OFF
24.1,59.1,ON
34.4,37.8,ON
36.9,44.3,ON
17.4,61.1,OFF
18.8,73.4,ON
25.5,49.2,OFF
120,62.7,OFF
31.5,36.3,ON
26.1,94.9,ON
22.1,53.6,OFF
17.4,55.9,OFF
25.8,31.1,OFF
25.2,65.4,OFF
13.7,60.8,OFF
31.8,70.4,ON
20.1,50.3,OFF
26.5,30.8,OFF
22.6,76.6,ON
30.1,,ON
28.4,53,ON
23.1,83.5,ON
20.2,58.1,OFF
19.7,78.4,ON
24.9,63.8,OFF
26.7,63.6,OFF
19,52.1,OFF
24.1,48.3,OFF
23.8,38.4,OFF
23.6,52.3,OFF
28.8,62,ON
24.8,56,OFF
16.4,45.1,OFF
22.3,53.5,OFF
85,69.3,ON
23.8,74.9,ON
21.2,73.7,ON
24.8,72.9,ON
22.3,,OFF
27.1,84.8,ON
85,27.7,ON
17.5,56.5,OFF
27.8,44.1,OFF
8.6,75.5,ON
20.5,73.7,ON
24.9,62.5,OFF
31.9,57.7,ON
25.3,52.8,OFF
21.7,72.3,ON
23.7,46.5,OFF
25.3,51.6,ON
24.9,45.5,OFF
17.6,66.3,OFF
26.2,45.8,OFF
26.4,47.2,OFF
18.1,48.1,OFF
,55.4,OFF
20.7,32.5,OFF
,82.8,ON
28.3,41.9,ON
25.8,22,OFF
22.8,39.6,ON
30.5,50,ON
22.5,54.4,OFF
27.7,51.8,OFF
26.9,61.3,OFF
21.9,69.5,OFF
27.8,65.2,OFF
20.5,50.4,OFF
28.6,61.8,ON
22.4,39.6,OFF
29.5,40.6,ON
26.9,32.6,OFF
23.8,64.5,OFF
21.9,29.6,OFF
18,46.5,OFF
15.7,48,OFF
19.7,55.3,OFF
25.4,81,ON
24.7,44.3,OFF
23.1,65.6,ON
21.8,46.9,OFF
19.9,84.2,ON
23.7,19.9,OFF
25.8,80.9,ON
14.8,38.2,OFF
23.4,44.8,ON
25.6,60.8,OFF
30.9,53.7,ON
18.4,37.8,OFF
32.2,49.4,ON
22.4,40.9,ON
11.2,51.1,OFF
21.1,48.8,OFF
22.3,73.8,ON
13.5,82.6,ON
30.9,36.1,ON
25.9,59.9,OFF
25.4,999,ON
21,64.5,OFF
25.4,53.3,OFF
38.8,17.6,OFF
31.6,31.2,ON
21.5,57,OFF
25.5,65.7,OFF
22,68.1,OFF
18.3,37.3,ON
19.5,72.5,ON
27.2,37.6,OFF
23.1,61.8,OFF
26.4,999,OFF
24.5,87.3,ON
25.5,53.9,OFF
20.7,40.6,OFF
18,59.5,OFF
20.5,67.7,OFF
31.6,53.9,ON
23.6,33.5,OFF
24,45.8,OFF
16.3,51.2,OFF
23.3,73.9,ON
25,72.1,ON
25.1,49.6,OFF
25.4,-12,OFF
85,71.9,ON
30.2,51.7,ON
22.7,28.9,OFF
34,27.9,ON
21.3,,OFF
28.2,45.8,ON
28.2,80.2,ON
19.4,58.4,OFF
29,90.4,ON
28.4,68.3,ON
22.8,55.4,OFF
19,50.1,OFF
19.9,51.1,OFF
26.3,74.6,ON
15.8,54.6,OFF
27.4,48.1,OFF
20.4,44.4,OFF
22.5,63.8,OFF
30.2,64.3,ON
16.7,43.6,ON
32.7,51.6,ON
23.2,32.9,OFF
,54.5,OFF
24.4,48.9,OFF
20.3,55.7,OFF
28.8,74.2,ON
19.7,50.4,OFF
,19.2,ON
29.5,84.1,ON
19.9,63.7,OFF
18,57.5,OFF
28.2,70.1,ON
25.5,49.8,OFF
31,60.3,ON
29.9,67.5,ON
21.5,66.3,OFF
21.5,87.4,ON
18.1,45.7,OFF
26,85,ON
31.2,71.3,ON
24.8,52.9,OFF
22.1,37,OFF
16.3,64.1,OFF
23.1,79.4,ON
25.4,53.2,OFF
22.9,39.7,OFF
19.1,32,OFF
18.5,47.1,OFF
16.5,51.9,OFF
22.4,86.2,ON
18.1,53.4,OFF
32.7,41,ON
34.5,38.8,ON
27,46.2,OFF
18.9,72.5,ON
24.3,64.8,OFF
27.8,78.6,ON
18.3,74.2,ON
28,25.1,OFF
28.3,79.6,ON
18.7,59.1,OFF
22.3,63.2,OFF
29.8,41.8,ON
18.4,56.6,OFF
15.6,53.5,OFF
24.3,44.9,OFF
26.5,42.1,OFF
14,61.3,OFF
24.9,48.3,OFF
27.7,62.1,OFF
24.4,43.7,OFF
33.2,61.3,ON
19.1,26.4,OFF
25.3,55.4,OFF
16,55,OFF
18.4,43.5,OFF
18,55.6,ON
35.8,67.1,ON
19.5,,OFF
14.8,71.7,ON
18.9,62.5,OFF
27,34.4,OFF
24,53.9,OFF
27.3,72.9,ON
18,50.7,OFF
18,77.5,ON
20.7,68.7,OFF
25.2,50.1,OFF
17.6,56.4,OFF
27.5,42.9,OFF
21.3,42.8,OFF
27.1,,ON
26.1,44.3,OFF
28.7,51.8,ON
18.4,47.5,OFF
19.7,68.3,ON
21.6,39.9,OFF
36.7,70.4,ON
15.5,75.8,ON
20.2,40.5,OFF
24.8,58.3,OFF
36.8,51.3,ON
25.8,36.2,OFF
29.8,70.9,ON
22.3,43.6,OFF
24.7,51.2,OFF
22.1,73.8,ON
32.7,55.8,ON
29.2,71.4,ON
22.8,43.6,OFF
30.3,25,ON
18.6,54.2,ON
27.8,60.5,OFF
,47.1,OFF
17.1,72.9,ON
23,64.7,OFF
20.8,66.2,OFF
26.9,60,OFF
25,55.1,OFF
25.2,32.9,OFF
27.1,75.1,ON
18.6,70.2,ON
15.2,24,OFF
26.9,78.9,ON
25.5,69.6,OFF
19.8,45.5,OFF
26.2,51.9,OFF
21.7,42.5,OFF
11.7,88.2,ON
33.7,36.6,ON
34.5,72,ON
26.2,54.1,OFF
20.2,51.4,OFF
22.6,,OFF
22.2,49.8,OFF
17.5,60.8,OFF
21.2,57.8,OFF
18,64.2,OFF
19.3,49.8,OFF
11.8,64.7,OFF
23.5,42.7,OFF
23.2,33.7,OFF
23.7,58.7,OFF
20.9,65.6,OFF
25,65.4,OFF
23.2,53.8,OFF
29.2,69.5,ON
20,66,OFF
26,49.5,OFF
25.2,42.4,ON
20.9,36.2,OFF
26.1,57.9,OFF
23.9,85.3,ON
21.6,62.1,OFF
18.9,51.2,OFF
,85.1,ON
28.8,75.2,ON
32.2,60.3,ON
26.9,53.8,OFF
17.7,72.5,ON
20.9,55.1,OFF
24.1,72.3,ON
26.5,,OFF
17.3,150,ON
,74.1,ON
24.9,41.5,OFF
19.7,47.6,OFF
27.6,65.6,ON
15,999,ON
27.9,51.7,OFF
17.8,57.8,OFF
24.5,50.8,OFF
33.8,72.8,ON
21.8,62.6,OFF
26.2,71.4,ON
25.2,50.3,OFF
29.7,46.3,ON
17.9,72.6,ON
28.4,56.2,ON
22,63.9,OFF
26.9,77.4,ON
25.1,65.8,OFF
18.1,68.4,OFF
24.6,46.8,OFF
28.5,51.2,ON
19.1,64.4,OFF
25.1,51,OFF
31.6,77.3,ON
25.8,64,OFF
,64.6,OFF
20.8,87.5,ON
20.4,35.8,OFF
22.6,71,ON
10.5,26.1,OFF
28.9,28.3,ON
,37.7,OFF
18.6,43.3,OFF
20.9,79.7,ON
23.8,55.5,OFF
29.6,61.8,ON
,65.9,OFF
17.2,67.8,OFF
36.1,57.8,ON
19.6,80.6,ON
24.7,55.3,OFF
2.5,90.4,OFF
23.4,44.2,OFF
32.5,46.4,ON
21.9,61.6,ON
27.9,999,ON
29.3,41.1,ON
26.1,46.5,OFF
25.1,,OFF
36.5,63.3,ON
12,49.9,ON
31.4,61.8,ON
32.7,51.1,ON
33,38.6,ON
28.3,82.5,ON
20.3,66.4,OFF
13.8,40.7,OFF
32.4,71.5,ON
35.4,58.6,ON
19.3,72.9,ON
20.4,91.5,ON
27.2,47.1,OFF
15.2,39.6,OFF
34,52.5,ON
24.5,31.5,OFF
23.8,62.8,OFF
22,37,OFF
26.8,24,OFF
15.1,64,OFF
12.3,64.4,OFF
40,60.8,ON
26.7,48.8,OFF
29.1,42.7,ON
13.2,72.6,ON
22.1,55.9,OFF
27,39,OFF
19.1,40.5,OFF
14.6,73,ON
35.6,64.5,ON
25.2,64.7,OFF
28.9,42.1,ON
36.5,55.3,ON
12.1,46.2,OFF
32,69.9,ON
18.8,60.3,OFF
28.6,28.8,ON
29.6,80.4,ON
25.3,73,ON
21.1,999,OFF
25.2,62.6,OFF
19,53.5,OFF
25.2,84.4,ON
28.5,44.3,ON
20.7,74.4,ON
26.4,62,OFF
25.3,78.6,ON
26.9,47.7,OFF
21.5,51.1,OFF
,37.6,OFF
25.4,64.5,OFF
26.2,59.1,OFF
25.2,60.3,ON
17.3,59.1,OFF
17.9,35,OFF
27.7,78.8,ON
23.1,44.6,OFF
27.8,46.9,OFF
18.9,57.3,OFF
24.5,61.4,OFF
33.6,,ON
31.7,43.4,ON
18.1,54.7,OFF
27.9,44.1,OFF
32.3,49.4,ON
20.7,54,ON
,50.5,OFF
15.2,53.2,OFF
28.3,44.9,ON
18.2,83.7,ON
27.2,76.1,ON
22.9,58.7,ON
16,38.4,OFF
23.8,-12,ON
33.3,,ON
10.9,49.2,OFF
27.2,43.1,OFF
23.1,66.8,OFF
19.7,33,OFF
17.8,,OFF
22.4,76,ON
22.7,65.4,OFF
24.9,35.5,OFF
16.7,60,OFF
29.8,66.2,ON
25.1,75.2,ON
22.9,63.3,OFF
22,23.4,OFF
16.5,58.7,OFF
31.7,65.1,ON
26.3,65.1,OFF
33.3,56.2,ON
27.6,64,OFF
21.5,52.1,OFF
34,41.6,ON
27.7,37.2,OFF
29.2,49.1,ON
25.6,48.8,OFF
-55,53.8,OFF
26.9,62.2,OFF
23.5,57.2,ON
26.1,53.6,OFF
27.3,71.1,ON
25.3,63.3,OFF
20.5,85.8,ON
23,74.2,ON
24.9,,OFF
29.2,52.1,ON
30.6,43.7,ON
17.7,47.8,OFF
23.2,54.6,OFF
39.9,50.1,ON
26.3,57.3,OFF
18.8,64.7,OFF
23,56.4,OFF
36.7,57.2,ON
18.9,58.1,OFF
26,60.6,OFF
40,35,ON
26.2,40.1,OFF
29.3,35.6,ON
20.1,25.3,OFF
18.1,34.5,OFF
17.5,44.5,OFF
31,34.7,ON
28.5,62,ON
37,69.5,ON
19.5,69.3,OFF
25.3,63,OFF
13.2,34.9,OFF
31.1,73.5,ON
25.1,49.4,ON
19.1,58.6,OFF
26.8,46.1,OFF
17,51.8,OFF
26.1,61.6,OFF
15.7,40.7,OFF
24.5,59.2,OFF
17,43.9,OFF
30.8,65.2,ON
22.7,74.2,ON
19.9,50.9,OFF
20.7,55,OFF
20.7,51.3,OFF
22.7,74.2,ON
25.2,52.4,OFF
25.3,70.7,ON
,69.9,ON
25.5,55.8,OFF
24.6,65.4,OFF
17.8,44,OFF
17.6,59.2,OFF
24.1,46.1,ON
30.2,57.2,ON
24.6,55.6,OFF
27.1,,OFF
25.9,73.5,ON
24.1,33.5,OFF
25.3,42.9,OFF
22.7,47.1,OFF
22.5,34.6,OFF
23.8,51.1,OFF
21.8,41,OFF
27.7,30.3,OFF
12.9,69.9,OFF
26.1,37.2,OFF
24.1,61.3,OFF
28.3,56,ON
27.3,37.2,OFF
34.2,66.9,ON
23.1,47.6,OFF
15.2,34.4,OFF
29.2,55.9,ON
23.9,16.6,OFF
22.1,999,OFF
30.6,35.7,ON
21.6,56.7,OFF
24.3,57.8,OFF
10.2,40.5,OFF
25.4,43.7,OFF
26.9,57.6,OFF
15.9,57.7,OFF
23.4,65.8,OFF
23.4,54,ON
23.5,,OFF
22.6,56.4,OFF
32.5,67.3,ON
,63.3,ON
22.7,32,OFF
26.9,72.1,ON
27.9,54.5,OFF
28.1,41,ON
23.8,62.3,OFF
26,63.8,OFF
24.6,54.4,OFF
17.6,56.1,OFF
20.2,37.2,OFF
20.4,72.7,ON
21.7,20,OFF
23.2,60.8,OFF
18.6,88.4,ON
26.8,43.3,OFF
22.3,-40,ON
29,54.6,ON
23.2,60.1,OFF
23.8,48.4,OFF
19.7,44.4,OFF
25.3,48.4,OFF
26.4,64.7,OFF
19.4,75.7,ON
22.2,95,ON
27.4,52,OFF
,34.6,OFF
28.4,55.8,ON
25.9,68.5,OFF
30.4,78.2,ON
27.6,31.9,OFF
39.4,18.9,ON
19.9,70.8,ON
21.2,75.8,ON
20,59.9,OFF
,45.4,OFF
27.4,60.4,OFF
18.3,71.4,ON
14.7,63.9,OFF
16.3,77.1,ON
21.6,64.6,OFF
17,58.1,OFF
16,52.2,ON
17.7,31.9,OFF
28.7,60,ON
22.3,25.7,OFF
19.6,46.6,OFF
21.1,54.6,OFF
21.3,19.7,OFF
24.9,61.2,OFF
26.6,56.2,OFF
34.8,59,ON
21.5,66.7,OFF
34.6,54.6,ON
22.7,50.2,OFF
26.2,66,OFF
24,55,OFF
22.8,45.8,OFF
27.1,21.8,OFF
29.4,60.1,ON
10.6,46.2,OFF
22.8,66.7,OFF
25.9,45.1,ON
23.5,51.9,OFF
24.6,49.7,OFF
31.4,53.1,ON
17.8,73.3,ON
18.5,76.3,ON
39.1,95,ON
16,43.7,OFF
,16.6,OFF
25.8,46.5,OFF
18.4,74.5,ON
26.7,33.2,OFF
26.3,55.3,OFF
28.7,70.7,ON
25.8,46.5,OFF
-55,60.6,OFF
24.6,47.5,OFF
24.4,68.1,OFF
29.9,41.8,ON
26.4,39.5,OFF
27.1,53.8,OFF
29.3,36.6,ON
21.4,53.4,OFF
24.2,84.1,ON
24.4,56.2,OFF
33.4,64.5,ON
22.8,58.5,OFF
25.6,52.5,OFF
29.8,60,ON
31.2,70.5,ON
20.7,69.2,OFF
17,49.2,OFF
16.9,75.7,ON
26.4,67,OFF
20.2,76.4,ON
29.1,65.2,ON
26,66,OFF
21.4,68.7,OFF
24.2,29.6,OFF
29.1,42,ON
24.9,,OFF
18.5,51,OFF
32.6,60.3,ON
27,89.9,ON
27.1,48.3,OFF
19.1,84.5,ON
27.5,17.3,OFF
19.2,68.6,OFF
28,52.4,OFF
18.8,70.7,ON
26.5,47.5,OFF
,67.5,ON
21.2,31.6,OFF
23,66.4,OFF
21,37.9,OFF
22.2,62.1,ON
19.6,48.1,OFF
28.5,30.6,ON
25.3,83.1,ON
21.9,55.8,OFF
30.3,51,ON
22.4,45.2,OFF
23.2,60.6,OFF
26.9,56.2,OFF
120,54.1,OFF
26.2,38.8,OFF
27.9,75.9,ON
24.4,59.3,OFF
24.7,24.2,OFF
21.5,47.3,OFF
26.7,51.1,OFF
20.3,51,OFF
25.5,65.7,OFF
16.4,55.8,OFF
27.2,80.3,ON
24,35.6,OFF
23.7,62.6,OFF
22.1,64.9,ON
30.6,48.1,ON
29.9,53.6,ON
30.8,29.2,ON
20.7,28.2,OFF
29.3,47.8,ON
23.6,49.5,OFF
25.9,72.9,ON
19.8,58.4,OFF
28.2,30.4,ON
31.4,42.6,ON
30.8,53.5,ON
20,56,OFF
32.4,33.7,ON
,51.8,OFF
-55,61.6,OFF
24.3,62.9,OFF
29.4,45.2,ON
16.4,66.1,OFF
29,63,ON
24.7,58.6,OFF
24.1,48.5,OFF
23.5,47.2,OFF
23.5,51.4,OFF
25.1,57.4,OFF
33.4,78.8,ON
31.3,48.5,ON
22.1,43.8,OFF
16.9,23.9,OFF
22.4,43.6,OFF
24.5,180,OFF
23.2,51.4,OFF
18.2,52.4,OFF
16.8,87.6,ON
30.7,49.2,ON
26.6,82.4,ON
10.6,59.3,OFF
,48,ON
20,50.5,OFF
26.6,59.7,OFF
29,42.5,ON
15.6,86.6,ON
24.4,51.9,OFF
22.4,57.6,OFF
32.5,50.9,ON
30,48.8,ON
24.3,62.4,OFF
18.8,51.8,OFF
31,67.8,ON
20.8,56.3,OFF
27,53.9,OFF
21.3,71.5,ON
15.2,58,OFF
27.8,42.7,OFF
23.1,48.5,OFF
33.8,59.1,ON
26.6,83.4,ON
27.6,74.1,ON
26.8,66.1,OFF
21,38.4,OFF
15.2,81.6,ON
24.9,,ON
34.3,43.9,ON
33.6,39.4,ON
18.8,52.4,OFF
31.8,29.5,ON
25.1,54.3,OFF
20.4,45.5,OFF
13.8,63.9,OFF
27.1,54.4,OFF
24.6,65.2,OFF
29.1,55.5,ON
37.7,50.5,ON
24.7,52.2,OFF
29.9,41.3,ON
26.1,62.1,OFF
21.7,51.4,OFF
24.4,,OFF
30.4,76.1,ON
27.5,42.4,OFF
28.3,71.3,ON
26.3,23.3,OFF
23.5,79.7,ON
21,36.1,OFF
23.2,59.1,OFF
17.8,49.6,OFF
23.6,66,OFF
17,79.7,ON
28.5,57.4,ON
37,35.8,ON
29.6,45.7,ON
27.5,59.8,OFF
23.3,62.7,OFF
25.4,30.7,OFF
16,78.1,ON
22.8,67.6,OFF
24.2,47.6,OFF
22.4,57.2,OFF
27.1,56.1,OFF
24.9,61.8,OFF
26.7,46.1,OFF
33.6,51.2,ON
24.2,46.6,OFF
26.7,57.9,OFF
30.4,77.4,ON
25.7,76.5,ON
27.2,65.1,OFF
23.8,43.9,OFF
26.3,58.5,OFF
27.9,44.8,OFF
29,42.8,ON
23.1,50.9,OFF
20,34.4,OFF
18.2,27.9,OFF
35.1,60.3,ON
23.7,63.4,OFF
27.2,54,OFF
22.1,66.1,OFF
27.8,52,OFF
18.4,53.5,OFF
24,39.3,OFF
21,66.5,OFF
24.9,60.9,OFF
32.2,65.9,ON
15.3,80.8,ON
21.5,53.4,OFF
27.3,20.7,OFF
23.2,59.4,OFF
19.1,26.1,OFF
24.3,45.9,ON
27.2,64.2,ON
23.9,94,ON
32.9,17.8,ON
26.5,48.5,OFF
22.5,38,OFF
25.5,53.3,OFF
120,28.5,OFF
32.1,55.9,ON
24.6,38.2,OFF
27.9,55.6,OFF
36.2,40.9,ON
18.5,56,OFF
27.5,64.3,OFF
24.5,61.8,OFF
23.8,52,OFF
25,36.7,OFF
24.7,54.1,OFF
26.1,61.6,OFF
33.6,66.2,ON
18.1,20.9,OFF
20.3,40.6,OFF
29.2,48.6,ON
29.1,73,ON
32.8,53.3,ON
18.9,67.8,OFF
28.9,85.4,ON
21.8,31.7,OFF
20.9,60.6,OFF
29.1,63,ON
20.6,46,OFF
22.7,50.6,OFF
15.3,68.1,OFF
28.5,77.5,ON
25.8,41.1,OFF
19.8,44.6,OFF
27.1,53.5,OFF
22.6,69,OFF
21.6,63.2,ON
30.7,62.7,ON
28.8,38.9,ON
,49.3,OFF
19.5,45.2,OFF
14.8,47.3,OFF
28.3,38.3,ON
22.7,46.7,OFF
24.6,55.1,OFF
25.1,50.2,OFF
20.8,95,ON
27.6,74.7,ON
22.4,59.3,OFF
25.8,69.9,OFF
29,47.4,ON
15.8,78.9,ON
-55,52.6,ON
22.2,38.5,OFF
22.1,38,OFF
31.1,55,ON
23.7,63.7,OFF
33.3,,ON
32.4,53,ON
30.8,44.3,ON
27.8,42.4,OFF
20.2,53.1,ON
,64.2,OFF
29.3,68.5,ON
17.5,26,OFF
24.9,60.3,OFF
38.5,63.6,ON
16.9,83.1,ON
16.7,68.2,OFF
24.8,48.4,OFF
30.2,77.6,ON
27.3,35.8,OFF
30.5,,ON
33.5,44.9,ON
28.4,24.1,ON
19.3,53.7,OFF
24.5,49.8,OFF
31.1,63.9,ON
27.7,42.7,OFF
27.7,40.5,OFF
24.4,-12,ON
28.6,40.3,ON
28.5,48,ON
19.6,67.9,OFF
29.1,78.7,ON
24,64.9,OFF
31.8,57.1,ON
29.5,52,ON
-55,79.6,ON
30.8,52.7,ON
23.1,38.1,OFF
31.4,44.9,ON
25.8,42.1,ON
28.9,63.2,ON
22,60.4,OFF
27,66.8,OFF
20.8,73.5,ON
24.7,66,OFF
12.6,33.1,OFF
18.9,62.6,OFF
27,63.1,ON
25.6,55.2,OFF
20.8,49.1,OFF
19.3,50.5,OFF
18.7,37,OFF
27.2,60.6,OFF
22.4,63.3,OFF
24.2,60.9,OFF
15.1,41.4,OFF
19.7,55.5,OFF
25.1,66.3,OFF
31.2,43.2,ON
26.5,61.4,OFF
29.2,34.2,ON
29.8,36.9,ON
11.6,62,OFF
26.9,68.2,OFF
31.1,66.6,ON
22.2,36.1,ON
25.9,46.5,OFF
24.6,66.6,OFF
26.8,48.6,OFF
26.9,41,OFF
-55,57.8,OFF
29.5,60,ON
24.7,54.6,OFF
35,44.4,ON
15.7,35.3,OFF
10.4,65.2,OFF
30.6,53.1,ON
27.7,82.7,ON
24.9,63.8,OFF
15.6,61,OFF
25.3,65.2,OFF
24,65.9,OFF
32.2,76.4,ON
20.8,34.3,OFF
18.1,,OFF
21.4,78.8,ON
13.3,49.3,ON
31.6,72.3,ON
28.3,56.7,ON
24.7,64.8,OFF
32.4,22.5,ON
25.3,48.8,OFF
22.4,33,OFF
18.9,67.4,OFF
21.7,67,OFF
30.6,43.4,ON
22,62.3,OFF
23.4,16.8,OFF
18.8,56.4,OFF
23,46.6,OFF
12.9,20.9,OFF
23.3,32.7,OFF
26.8,47.6,OFF
23.5,47,ON
33.6,59.8,ON
32,65.7,ON
16,78.5,ON
15.7,26.3,OFF
29.5,63.4,ON
17,45.3,OFF
30.9,54.8,ON
19.2,42.6,OFF
23.3,81.3,ON
26.7,81.5,ON
16.5,68,OFF
33.8,51,ON
27.1,50.7,OFF
24.1,75.3,ON
28.1,36.1,ON
23,70,OFF
18.6,65,OFF
26.8,50.1,OFF
28.6,58.3,ON
31.6,60,ON
22.2,64.7,OFF
29.7,42.5,ON
27.3,54.2,OFF
24.1,54.1,OFF
21.5,57.9,OFF
26.7,53,OFF
13.6,85.5,ON
27.1,61.8,OFF
24.1,70.3,ON
22.3,50.9,OFF
20.4,34.1,OFF
20.7,39.4,OFF
27.9,31.8,OFF
28.9,66.2,ON
18.8,60.6,OFF
21.3,76.7,ON
23,40.8,OFF
35.1,33.4,ON
19,67.6,OFF
22.9,60.7,OFF
26.4,58.2,OFF
26.8,54.8,OFF
32.9,51.4,ON
31.7,59.7,ON
21.1,50.9,OFF
,48.4,ON
30.8,73.4,ON
29.9,62.6,ON
21.9,48.8,OFF
22.1,59.1,OFF
30.4,46.3,ON
29.1,52.3,ON
-999,61.7,OFF
33,82.1,ON
21.2,49.2,ON
13.3,57.9,OFF
31.1,69,ON
20.7,41.4,OFF
19.1,62.2,OFF
23.8,67.3,OFF
22.2,33.8,OFF
32.5,61.6,ON
22.3,52.4,OFF
25.5,33.9,OFF
25.4,47.1,OFF
21.4,36.9,OFF
26.8,81.2,ON
29.6,72.3,ON
24.5,35.3,OFF
18.9,49.8,OFF
120,46.9,ON
26.4,23.6,OFF
25.4,46.7,OFF
30.2,82.9,ON
17.7,54.8,OFF
27,69.7,OFF
120,53.2,ON
20.1,48.6,OFF
25.6,15,OFF
28.1,39.9,ON
21.8,61.5,OFF
23.7,49.6,OFF
27.5,35.2,OFF
30.9,32.9,ON
25.8,54.7,OFF
23.9,46,OFF
16.8,47.3,OFF
20.9,150,OFF
27.3,61.1,OFF
23.8,56,OFF
32.5,71.4,ON
20.6,44.4,OFF
,47.2,OFF
20.1,72,ON
25.9,75.6,ON
21.8,34.2,OFF
16.4,64.4,OFF
23.8,64.8,OFF
22.9,43.5,OFF
21.6,82.7,ON
26.9,25.5,OFF
17.1,40.4,OFF
22.5,65.6,OFF
27,53.4,OFF
28.2,44.3,ON
24.6,39.2,OFF
30.5,48.6,ON
18.8,83.6,ON
16.1,81.6,ON
24.2,70.9,ON
20.2,44.7,OFF
26.2,43.8,OFF
26.9,61.3,OFF
24.7,29.6,OFF
21.5,45.6,OFF
31.8,46.4,ON
38.3,79.7,ON
18.3,57,ON
17.9,53.7,ON
28.6,26,ON
28.9,69.8,ON
23.1,58.4,OFF
25.1,56.5,OFF
18.8,58.5,OFF
30.4,87.3,ON
27,,OFF
25.5,68.2,OFF
22.6,58.9,OFF
21.8,51.9,ON
26.1,43,OFF
23.5,46,OFF
16.7,50.7,OFF
29.5,49.8,ON
30.4,52.7,ON
17.9,44.9,OFF
14.2,51.5,OFF
31.1,30.4,ON
26.1,46.7,OFF
27.8,37.5,OFF
20.5,58,OFF
26.8,78.9,ON
32.6,42.3,ON
34.1,71.4,ON
120,74.2,ON
24.9,68.3,OFF
14.6,83.2,ON
27.7,62.1,OFF
26.7,65,OFF
27.1,57.1,OFF
25.6,999,OFF
25.6,49.5,OFF
31.3,43.8,ON
22.8,45.9,OFF
,51.9,ON
24.7,44.2,OFF
30.4,29.3,ON
17.4,57.5,OFF
24.4,33.9,OFF
29.3,55.4,ON
30.1,63.1,ON
22.1,59.6,OFF
26,41.9,OFF
25.3,74.6,ON
20.6,46.2,OFF
22,33.3,OFF
28.5,50.9,ON
24.3,55.3,OFF
21.5,70.9,ON
26.3,43.5,OFF
24.9,79,ON
18.5,47.6,OFF
15.1,41.4,OFF
18.6,47.7,OFF
22.3,80.5,ON
21.5,68.9,ON
16.6,77.3,ON
27.9,59.3,OFF
27.5,68.1,OFF
20.5,65.6,OFF
26.8,74.9,ON
25.8,59,OFF
21.9,40.6,OFF
30.4,85.1,ON
28.1,,ON
28,64.7,OFF
17.4,56.9,ON
29.3,59.8,ON
26.2,88,ON
30.6,29.7,ON
11.9,76.4,ON
29.1,44.9,ON
29.6,58.8,ON
19,39.4,OFF
15.9,55.6,OFF
28.9,45.7,ON
26.9,54.5,OFF
27.2,58.9,OFF
25,72,ON
17.1,55.2,OFF
18.5,37.8,OFF
22.2,37.4,OFF
20.2,150,OFF
28.9,55.3,ON
23.1,39.9,OFF
23,73.2,ON
18.7,,OFF
25.6,18.3,OFF
24.3,36.6,OFF
16.8,57.1,OFF
31.9,55,ON
23.1,95,ON
15.4,64.1,OFF
36.3,82.2,ON
17.9,83.2,ON
27.9,65,OFF
18,65.5,OFF
19.7,30.8,OFF
28.6,46.5,ON
36.5,50.7,ON
23.2,180,OFF
25.7,53.2,OFF
19.3,75.9,ON
24.9,75.9,ON
37.2,65.8,ON
14.8,49.9,OFF
24.1,64.7,OFF
27.7,60.4,OFF
28.7,44.6,ON
31.9,44.4,ON
20.7,46.9,OFF
18,41.7,OFF
25.4,57.6,OFF
19.8,,OFF
18.4,49.4,OFF
27,59.3,OFF
24,67.9,ON
10.9,50.9,OFF
18.5,,OFF
23.9,63.6,OFF
32.5,34.3,ON
24.3,49.7,OFF
23.7,29.7,OFF
20.1,77,ON
25.5,56.6,OFF
21.3,60.7,OFF
16.1,59.3,OFF
25.6,71.8,ON
24.5,82,ON
36.2,53.3,ON
23.3,50.6,OFF
28,58.4,OFF
33.6,38.2,ON
18.8,70.6,ON
25,58.3,OFF
29.6,78.4,ON
28.4,89.1,ON
22.2,57.9,OFF
27.3,61,OFF
17.7,68.1,OFF
29.5,53.4,ON
30.4,46.1,ON
24,66,OFF
24.4,77.1,ON
25.6,50.5,OFF
29,81.5,ON
20.5,43.4,OFF
26.3,67.4,OFF
21.8,46.9,OFF
25.4,33.8,OFF
21.5,44.3,OFF
29.2,56.8,ON
20.3,50.5,OFF
31.3,50,ON
20.9,79.7,ON
25.7,39.2,OFF
17.6,55.4,OFF
32.1,38.8,ON
32.6,64.2,ON
30,90.6,ON
18.9,68.6,OFF
34.3,33.9,ON
32.1,74.9,ON
-999,62,OFF
25.6,86.3,ON
16.8,,OFF
23,53.8,OFF
27.1,42.3,OFF
32.2,80.3,ON
15.3,28,OFF
-999,52.8,OFF
27.6,48.3,OFF
26.9,52.6,OFF
28.6,31,ON
27.6,71.4,ON
23.6,41.5,OFF
26.6,92.4,ON
29,78.2,ON
18.7,68.1,OFF
14.1,38.9,OFF
28.4,37.4,ON
29.4,53.9,ON
22,78.6,ON
16.8,70.9,ON
22.5,25.1,OFF
33.5,38.5,ON
21.6,71.6,ON
22.8,63.7,OFF
85,49,OFF
27,73.7,ON
19.4,27.4,OFF
,47.4,OFF
27.7,53.2,OFF
20.5,59.3,OFF
24.9,49,OFF
19.9,70.3,ON
22.1,36.5,OFF
33.6,50.9,ON
24.2,59.2,OFF
22.3,54.9,OFF
37.6,51.9,ON
25.7,46.8,OFF
250,60.6,ON
32.2,52.4,ON
33.2,20.2,ON
29.1,66.4,ON
29.4,83.3,ON
16.6,49.7,OFF
24.2,74.5,ON
18.2,50.7,OFF
21,58.3,OFF
27.8,52.6,OFF
25.6,36.8,OFF
28.7,58.6,ON
26.3,61.9,OFF
17.4,39.8,OFF
17.5,30,OFF
21.8,55,OFF
23.4,60.9,ON
23.9,-40,OFF
32.7,51.6,ON
21.6,61.2,OFF
31.4,81.4,ON
24.8,52.9,OFF
16.8,44.1,OFF
14.6,69.5,OFF
22.5,-12,OFF
17.4,42.4,OFF
19.5,40.6,ON
26.7,-12,OFF
26.8,54.1,OFF
8,56.1,ON
27.8,58.3,ON
21.3,48.6,OFF
21.8,69.9,OFF
31.6,47.7,ON
22.1,67.9,OFF
23.2,50.6,OFF
21.2,47.1,OFF
33.6,53,ON
26.6,55.6,OFF
26.1,42.5,OFF
25.9,43.6,OFF
22.5,60.8,OFF
28.6,45.6,ON
85,44.8,OFF
26.5,65.6,OFF
15.2,42.9,OFF
15.9,54.3,OFF
24.9,54.6,OFF
22,31.6,OFF
31,63.3,ON
21.5,44.6,OFF
27,70.8,ON
22.7,56.4,OFF
21.8,68.1,OFF
23.8,65.9,ON
32.2,55.9,ON
29,49.3,ON
14.2,45,OFF
26,52.4,OFF
27.9,57.5,OFF
28.4,33.5,ON
19.9,69.1,ON
16.2,31.7,OFF
22.7,57.9,OFF
29.4,42.5,ON
34.1,46.2,ON
22.4,48.2,OFF
26.2,76,ON
23.2,45.6,OFF
24.9,31.4,OFF
16.5,64.8,OFF
28.9,36.1,ON
33.4,48.5,ON
18.7,63.2,OFF
19.2,41.4,OFF
250,18.8,OFF
24.6,59.4,OFF
29.9,84.6,ON
26.7,52.6,OFF
20.2,24.9,OFF
31.3,48.6,ON
19.2,44.8,OFF
21.3,42.4,OFF
23,72.6,ON
26.4,77.4,ON
35.3,94.6,ON
26.1,66.3,OFF
23.3,73.3,ON
22.8,42,OFF
21.8,76.9,ON
21.6,74.3,ON
26.8,71.2,ON
20.4,63.1,OFF
,56.9,OFF
21.8,59,OFF
26.9,24.3,OFF
20.5,54.4,OFF
25.6,58.1,OFF
29,35.4,ON
16.9,47.3,OFF
25.1,45.8,OFF
26.1,64.8,OFF
24.4,55.5,ON
28.6,40,ON
24.2,67.8,OFF
20.3,54.9,OFF
26.9,51.1,OFF
21.4,44.6,OFF
32.8,33.1,ON
20.5,62.1,OFF
22,29.9,OFF
20.7,,OFF
27.9,68.7,OFF
28.7,51.8,ON
,44.2,OFF
31.7,61.2,ON
17.6,65.2,OFF
17.4,69.5,OFF
25.9,,OFF
22.4,54.8,OFF
22.3,47.7,OFF
19.9,35.5,OFF
33.5,,ON
28.5,29.7,ON
,78.2,ON
18.6,47.4,OFF
29.4,38.2,ON
10.1,77.5,ON
25.9,46.6,OFF
14.9,46.8,OFF
,59.9,OFF
,77,ON
28.4,64.6,ON
,47.4,OFF
25,29.4,OFF
23.5,48.3,OFF
29.4,55.9,ON
28.4,60.8,ON
21.6,36.7,OFF
20.5,57.4,OFF
29.4,-40,ON
34,76.4,ON
27.4,58.1,OFF
19.3,48.3,OFF
20.1,57.9,OFF
21.1,30.8,ON
25.2,87.1,ON
17.5,65.8,ON
24.6,48.3,OFF
22.1,63,OFF
27.9,47.3,OFF
17.6,92.6,ON
25.7,42.7,OFF
25.2,63.4,OFF
22.3,64.7,OFF
33.6,63.6,ON
18.3,71.6,ON
21.4,63.7,OFF
17.7,58.2,OFF
18.9,32.7,ON
18.5,28.9,OFF
24.9,65.3,OFF
24.3,73.8,ON
26.5,54.4,OFF
27.9,44.7,OFF
14,53.3,OFF
15,60.4,OFF
19.7,51.1,OFF
11,45.8,OFF
22,47.3,OFF
18.1,54.3,OFF
19.9,56.7,OFF
29.3,57,ON
20.6,43.3,OFF
23.1,59.4,ON
,64.3,OFF
27.8,32.9,OFF
18.5,33.9,OFF
18.5,54.3,OFF
38,53.6,ON
22.5,46,OFF
26.5,56.1,OFF
19.3,48.9,OFF
28.8,51.5,ON
22.7,86.4,ON
21.2,74.4,ON
23.1,52.7,OFF
25.7,62.9,OFF
34.7,51.1,ON
24.3,15,OFF
27.5,45.2,OFF
28.2,74.4,ON
23.6,81.5,ON
14.3,,OFF
19.3,50.6,OFF
22.9,61.9,OFF
24.1,48.4,OFF
20.1,60.8,OFF
120,53.3,ON
21.2,44.1,OFF
29.9,24.8,ON
32.2,43.2,ON
20.9,60.9,OFF
-999,55.5,ON
27,41.7,OFF
15.8,36.4,OFF
24.1,46.9,OFF
24.5,70.3,ON
26.1,46.6,OFF
18.4,50,OFF
23.5,32.5,OFF
22.1,65.2,OFF
28.8,35.7,ON
33.5,53,ON
28.4,74.4,ON
24.5,36.1,OFF
14.3,34.1,OFF
23.7,38,OFF
17.3,56.6,ON
26.8,55.5,OFF
24.1,62.8,OFF
20.3,,OFF
24.2,53.6,OFF
27.7,44.4,OFF
22.3,74.2,ON
20.9,44.2,OFF
16.9,58.4,OFF
31.9,58.3,ON
30.3,72.2,ON
20.9,36.3,OFF
18.1,95,ON
26.3,49.8,OFF
25.5,62.7,OFF
22.2,44.1,OFF
22.2,66.6,OFF
28.3,56.1,ON
32.1,58.4,ON
22.1,48.8,OFF
21.6,58.6,OFF
24.9,45.2,OFF
16.5,55.8,OFF
30.3,82.7,ON
22.8,61.9,OFF
23.8,77,ON
20.6,61.7,OFF
19.3,55.1,OFF
18.3,68.8,OFF
19.9,40.2,OFF
22.8,52,OFF
24.9,49.9,OFF
30,37.2,ON
31.5,58.4,ON
25.6,50.3,OFF
27.4,64.3,OFF
23,34.8,OFF
22,66.9,OFF
18.7,62.9,OFF
,69.4,OFF
31.1,52.8,ON
23.4,49.7,OFF
25.9,82.5,ON
15.7,41.2,OFF
22.1,39.7,OFF
22.2,70,OFF
23.2,45.9,OFF
26.7,60.5,OFF
35.6,51.4,ON
21.7,72.3,ON
29.6,78.1,ON
29.2,68.7,ON
29.2,32.7,ON
23.7,88.3,ON
24.9,73.9,ON
19.5,72.8,ON
19,49.2,OFF
17.3,35.5,OFF
22.2,58.9,OFF
20.9,52.1,OFF
19.2,60.8,OFF
29.8,56.8,ON
12.1,60.3,OFF
20.2,18.1,OFF
19.9,46.7,OFF
17.2,66.2,OFF
21.6,79.7,ON
25.2,76.3,ON
24.4,42,OFF
31.6,53.9,ON
24.2,38.6,OFF
20.5,67.7,OFF
14,86.7,ON
24.8,42,ON
23.5,66.9,OFF
31,72.6,ON
28,55.5,OFF
13.2,63.3,ON
28.8,64,ON
17.7,57.8,OFF
25.6,56.4,OFF
-999,63.7,OFF
21.4,180,OFF
29.4,60.8,ON
29.1,24.4,ON
33.9,,ON
19.5,47.4,OFF
29.8,36.8,ON
18.3,52.1,OFF
31,54.7,ON
28.3,70.4,ON
19.9,32.4,OFF
18.4,46.1,OFF
32,55.3,ON
25.2,64.3,OFF
19.6,50.3,OFF
21.2,76.7,ON
24.1,53.7,OFF
20.4,69.8,OFF
21.7,75.7,ON
30.5,49.1,ON
250,29.9,OFF
18.5,50.1,OFF
18.6,64.4,OFF
16,52.6,OFF
27.9,54.9,OFF
29.2,77.2,ON
25.6,39.9,OFF
25,72.5,ON
20.9,39.1,OFF
19.9,61.1,OFF
15.5,54.1,OFF
17.4,48.7,OFF
22.2,18.1,OFF
24.5,68.7,OFF
20.9,67.4,OFF
23.2,52.4,OFF
18.8,37.1,OFF
16.5,46.4,OFF
16.9,,OFF
27.2,59.1,OFF
33.9,66.9,ON
15.8,58.7,OFF
31.4,63.5,ON
31.1,35.6,ON
26.6,58.6,OFF
22.5,57,OFF
19.5,65.4,OFF
22.5,21.4,OFF
21.7,39.7,OFF
19.5,62.9,OFF
20.4,,OFF
25.6,63.6,OFF
24.2,56.5,OFF
25.7,47.2,OFF
26,54.4,OFF
24,64.1,OFF
26.7,46.4,OFF
22.6,72.4,ON
20.1,61.3,OFF
22.3,59.3,OFF
28.4,52.9,ON
23.3,78.9,ON
26.8,45.6,OFF
28.9,27.4,ON
18.9,39.8,OFF
31.7,49.8,ON
30.1,81.1,ON
30.3,46.1,ON
21.6,22.7,OFF
20.2,71,ON
22.2,-12,OFF
23.6,30.9,OFF
23.1,51.6,OFF
23.3,61.1,OFF
16.6,27.3,OFF
23.4,71.1,ON
24.1,54.3,OFF
24.1,71,ON
25.4,56.2,OFF
,45.1,ON
24.8,21.8,OFF
21.9,36.7,OFF
12.4,77.3,ON
30.6,34.8,ON
23.2,53.9,OFF
25.9,61.2,OFF
29.9,52.3,ON
22.4,37.4,OFF
15.6,26.3,OFF
32.3,57.8,ON
22.3,43.1,OFF
26.8,,OFF
19.6,74.6,ON
85,40.8,OFF
18,85.3,ON
32.6,58.5,ON
30.2,52.3,ON
21.4,83.7,ON
24,65.5,OFF
27.7,30.8,OFF
27.2,66.4,OFF
19.1,77.2,ON
20.7,77.1,ON
17.1,52.9,OFF
33.9,60.4,ON
27.3,48.8,OFF
26.3,52.2,OFF
25.6,73.8,ON
,83.9,ON
30.4,58.3,ON
26.5,53.9,OFF
18.8,78.3,ON
15.7,34.5,OFF
28.8,48.7,ON
24.7,,OFF
17.6,58.2,OFF
29.6,35.7,ON
28.5,50.5,ON
16.2,32.2,OFF
22.1,50.5,OFF
21,62.9,OFF
28.6,62.9,ON
24.7,61.3,OFF
30,73.9,ON
,47.3,OFF
16.7,54.2,OFF
36,67.8,ON
20.4,51.9,OFF
23.7,56,OFF
17.8,95,ON
27.3,73,ON
27.3,73.7,ON
35.8,58,ON
19.9,34.5,OFF
,57.5,OFF
18.8,64.9,OFF
31.9,63.9,ON
18.4,57,OFF
23.1,57.4,OFF
26.6,15.7,OFF
28,66.1,ON
25.9,30.9,OFF
27.3,32.9,OFF
25.4,67.9,ON
24.8,59.2,OFF
22.3,50,OFF
29.1,36.7,ON
23.2,44.4,OFF
19.7,42.8,OFF
17.6,51.8,OFF
23.5,66,OFF
20.8,53.6,OFF
20.6,48.5,OFF
26.8,49.4,OFF
250,53.4,ON
20.5,66.4,OFF
22.8,49.4,OFF
24.5,57.7,OFF
28.2,49.9,ON
18.3,62.5,OFF
27.3,60.3,OFF
20.6,77.2,ON
29.7,62.6,ON
21.3,66.8,OFF
11.2,52.8,OFF
25.1,53,OFF
23.8,22.6,OFF
23.3,75.8,ON
,30.7,ON
22.9,58.4,OFF
22.1,32.9,ON
31.3,,ON
23.8,54.7,OFF
16.2,69.6,OFF
15.9,58.1,OFF
26.4,37.6,OFF
19.7,63.5,OFF
15.6,69.3,OFF
25.1,42.6,OFF
25.9,49.8,OFF
24.9,23.4,OFF
23.4,39.3,OFF
28.1,48,ON
14.9,46.6,OFF
19.2,54.6,OFF
18.5,55.9,ON
22.2,81.9,ON
22,41.3,OFF
28.1,72.4,ON
25,40.5,OFF
24.3,41.1,OFF
21.7,75.6,ON
23.4,,OFF
26.3,48.8,OFF
20.8,180,OFF
28.8,31,ON
26.7,53.3,OFF
33.7,19.5,ON
24,95,ON
250,68.5,ON
17.7,53,OFF
120,26.1,ON
21.6,64.3,OFF
26.8,57.1,OFF
22.1,54.4,OFF
24.7,52.8,OFF
19.2,66.2,OFF
23.4,-40,ON
19.4,55.3,OFF
21.5,80.4,ON
38,71.3,ON
21.2,54.7,OFF
19.8,67.3,OFF
26.2,52.8,ON
24.9,55,OFF
23.6,53.2,OFF
22.8,50.1,OFF
23.5,73.5,ON
19.9,65.7,OFF
23.1,63,OFF
29.8,28.3,ON
31.4,56.7,ON
18.2,25.5,OFF
24.8,26.7,OFF
29.5,38,ON
28.6,85.5,ON
25.5,51.9,OFF
25.2,31.5,OFF
14.7,51.7,OFF
30.9,71.4,ON
21.3,80.8,ON
22.4,61.3,OFF
30,60.1,ON
23.9,51.5,OFF
24.2,66.5,OFF
25.8,56.2,OFF
24.8,,OFF
24,86.8,ON
18.9,65.1,ON
28.7,83.2,ON
29.7,73.2,ON
22.3,180,OFF
22.8,63.7,OFF
22.4,40.7,OFF
32.7,90.2,ON
18.6,19.6,OFF
18.7,87.3,ON
27.9,71.7,ON
20.8,54,OFF
30.1,53.4,ON
25.2,42.7,ON
32.3,73.8,ON
27.1,60.9,OFF
29.8,32.1,ON
20.6,59.5,OFF
22.6,67.3,OFF
22.6,66.1,OFF
13,55,OFF
19.7,70,OFF
36.6,84.1,ON
20.9,53.6,ON
15.9,44,OFF
30.1,58.5,ON
18.1,,ON
17.5,74.1,ON
32,49.4,ON
25.6,51.9,OFF
29,180,ON
29.8,63.1,ON
19.6,60.8,OFF
26.9,52.2,OFF
21.1,36.7,OFF
21.1,67.5,OFF
29.7,60.3,ON
12.7,52.5,OFF
20.6,35.2,OFF
19.8,76.3,ON
27.6,46.4,OFF
,85.2,ON
24.3,62.8,ON
23.6,62.8,OFF
23.8,57.4,OFF
21.8,29.3,OFF
24,79.3,ON
27.3,56,OFF
19.4,53.5,OFF
29.8,62.1,ON
24.9,,OFF
38.6,58.7,ON
23.7,999,OFF
24.2,67.7,OFF
23,43.6,OFF
24.1,71,ON
21,52.7,ON
17.7,30.9,OFF
28.3,43.1,ON
17.4,57.4,OFF
29.7,68.6,ON
29.5,36.7,ON
21.7,56.7,ON
16.8,55.9,OFF
10.5,66.9,ON
,49.4,ON
13.5,15,OFF
22,62.2,OFF
30.1,64.7,ON
23.5,29.4,OFF
23.7,55.5,ON
26.5,43.3,OFF
27.5,68.4,OFF
29.5,70.6,ON
15.7,66.2,OFF
24,55.1,OFF
25.7,42.8,OFF
27.5,32.5,OFF
28.3,31.6,ON
25.9,75.6,ON
25.6,56.4,ON
28.4,54.9,ON
30.1,62.5,ON
22,56.5,OFF
23,89,ON
18.5,45.7,OFF
28.1,65.1,ON
16.9,66.8,OFF
32.4,60.6,ON
34.5,61,ON
30.1,46.1,ON
16,72.8,ON
14.7,82.1,ON
33,32.1,ON
27.9,36.7,OFF
18.5,60.4,OFF
23.8,54.4,OFF
23.9,46,OFF
16.6,54.2,OFF
26.1,51.1,OFF
32,62.3,ON
13.4,45.7,OFF
19.6,50.8,OFF
14.5,59.1,OFF
20.3,62.6,OFF
29.2,61.4,ON
21.7,35.9,OFF
24.7,28.1,OFF
20.7,62.6,OFF
23.9,54.2,OFF
25,78.9,ON
28.8,71.1,ON
13.8,36.9,OFF
29.7,86.7,ON
26.9,55,OFF
24.5,83,ON
31.4,63.4,ON
17.3,51.8,OFF
20.6,52.2,OFF
18.5,26.5,OFF
19,-40,ON
17.6,71.2,ON
23.3,59.8,OFF
30.2,77.7,ON
27.6,42.4,OFF
26.5,54.2,OFF
19.3,42.5,OFF
,73,ON
23.4,54.2,OFF
28.3,56.5,ON
19.5,68.3,OFF
22.7,54.4,OFF
26.6,48.7,OFF
24.2,41.8,OFF
25.3,67.4,OFF
-999,49.4,ON
24.9,77.5,ON
19.4,51.1,OFF
23.2,70.3,ON
18.5,44,OFF
21.2,74,ON
28.7,47.9,ON
26.9,60.7,OFF
21.8,68,OFF
27.4,48,OFF
28.8,52.6,ON
30,58.7,ON
31.2,49.9,ON
24,58.4,OFF
22.7,69.7,OFF
24.2,43.5,OFF
,70.7,ON
19.7,-40,OFF
18.5,63.8,OFF
26,45.7,OFF
26.4,62.6,OFF
20.7,57.7,OFF
19.1,76.4,ON
22.9,59.2,OFF
31.9,49.2,ON
18.4,51.7,OFF
19.6,36.3,OFF
15.6,66.4,OFF
25.2,66.3,OFF
28.2,43.1,ON
18.8,47.5,OFF
23.1,60.8,OFF
21.8,,OFF
23.2,77.1,ON
29,48.6,ON
18.1,87.7,ON
28.7,73.9,ON
20.1,46.5,OFF
19.1,57.3,OFF
25,66.4,OFF
18.5,83.8,ON
17.8,56.2,OFF
30.1,180,ON
19.9,57,OFF
13.7,51,OFF
16.4,54.3,OFF
24.8,70.6,ON
26.8,59.5,OFF
32.7,62.3,ON
17.5,38.6,OFF
19.5,48.1,OFF
18.4,45.1,OFF
31,80,ON
19.6,57.9,ON
22.5,50.7,OFF
16.1,87.5,ON
31.7,67.5,ON
23.8,43,OFF
22.8,50.6,OFF
30.4,80,ON
28.5,40.2,ON
27.7,27.7,OFF
21.7,49.1,OFF
18.7,66.9,OFF
27.3,43.9,OFF
34.7,64.9,ON
20,38.4,OFF
29.6,49.8,ON
26.9,31.8,OFF
28.8,70.7,ON
14,77,ON
22.7,80.8,ON
19.9,65.3,OFF
19.2,15.7,OFF
23.5,66.1,OFF
20.2,35.6,OFF
25.3,71.1,ON
23.4,87,ON
24.3,20.8,OFF
17.7,83.5,ON
24,49.5,OFF
34.5,68.4,ON
16.3,69.1,OFF
37.4,71.5,ON
32.1,81.5,ON
23.2,54.5,OFF
15.1,95,ON
21.3,95,ON
24,59.1,OFF
26.8,31.5,OFF
26.7,68.3,OFF
23.1,82.4,ON
26.7,61.7,OFF
19.7,58.7,OFF
27.8,57.1,OFF
19.1,70.1,ON
20.3,47.6,OFF
20.7,61.8,OFF
21,57.1,OFF
30,15,ON
17,44.8,OFF
33.1,61.6,ON
23.5,49.1,OFF
27.9,65.2,OFF
19.7,76,ON
20,63.3,ON
22,57.8,OFF
17.1,56.9,OFF
34.2,56.3,ON
,80.3,ON
23.5,67,ON
22,68.2,OFF
29,73.7,ON
25.6,64.7,OFF
20.4,47.5,OFF
26.1,46.3,OFF
23.5,,ON
17.4,32.2,OFF
14.6,83.3,ON
23.7,37.3,OFF
22.9,31.2,OFF
21.5,57.2,OFF
28.4,34.9,ON
35.2,53.5,ON
31.4,34.2,ON
25.5,25.7,OFF
27.1,53.1,OFF
23,59.4,OFF
-55,56.2,OFF
29.7,55.4,ON
22.1,57,OFF
24.3,67.6,OFF
27.7,65.6,OFF
23.8,64.5,OFF
26.3,83.1,ON
16.6,41.1,OFF
20.2,48.5,OFF
19,24.5,OFF
21.1,61.5,OFF
35.6,65.2,ON
21.3,41.9,OFF
24.1,64.7,ON
29,68.5,ON
18.9,48.4,OFF
21.9,55,OFF
25.9,150,ON
13.7,51.8,OFF
27.8,89.2,ON
30.7,47.4,ON
21.3,53.6,OFF
21.9,57.2,OFF
38.2,19.7,OFF
24.6,51.9,OFF
28.9,65.2,ON
27.4,43.6,OFF
14.9,81.3,ON
27.2,49.3,OFF
23.5,59.4,OFF
26.4,42.6,ON
20.8,42,OFF
22.4,43.7,OFF
31.1,86,ON
,57.3,OFF
28.4,48.1,ON
28.2,46.9,ON
25.1,76.8,ON
31.2,57.8,ON
28.5,72.8,ON
19.3,57,OFF
22.6,65.7,OFF
27.5,67.3,OFF
26.1,70.9,ON
28.8,65.8,ON
36.3,64.3,ON
250,70.8,ON
23.3,81.3,ON
22.9,17,OFF
27.7,38.5,OFF
20.5,60,OFF
20.2,37.2,OFF
22.2,47.6,OFF
19.7,85.3,ON
22.4,47.2,OFF
27,54.4,OFF
18.8,37.1,OFF
22,42.8,OFF
21.3,70.7,ON
22,70.1,ON
22.4,19.3,OFF
25,54.3,OFF
30.4,50.7,ON
17.2,65.3,OFF
27.2,53.2,OFF
26.4,46.8,ON
23.7,61.4,OFF
16.9,40.7,OFF
29.7,35.6,ON
20,,ON
23.7,53.9,OFF
-55,28.8,OFF
23.1,37.1,OFF
28.9,55.7,ON
14.1,33.5,OFF
24.5,62.5,OFF
15.2,63.6,OFF
37.6,44.2,ON
26.8,28.8,OFF
24.1,41.2,OFF
21.9,45,OFF
26.4,63.7,OFF
25,63.9,OFF
27.9,66.2,OFF
18.5,43.2,OFF
23.7,48.5,ON
23.5,54.3,OFF
31.2,15,ON
20.8,47.1,OFF
26.9,65.1,OFF
17.2,60.9,OFF
23.7,58.7,OFF
23.4,22.8,OFF
22.7,73.1,ON
18.2,85,ON
23,53.9,OFF
27.7,74.4,ON
26.4,28.6,OFF
23.7,51.8,OFF
28.8,75.1,ON
26.6,63.1,OFF
18.5,26.1,OFF
23.6,47.7,OFF
20.9,58.5,OFF
25,37.2,ON
28.2,,ON
26.4,38.2,OFF
34.6,31.6,ON
27.4,53.3,OFF
19,43.1,OFF
19.3,69.2,OFF
27.5,67.9,OFF
32.1,70.7,ON
21.2,45,OFF
22.5,,ON
17.9,53.5,OFF
34.6,72.5,ON
26.6,93.2,ON
21.1,75.2,ON
17.9,78,ON
25.9,75.4,ON
28.1,57.2,ON
31.6,56.5,ON
28,,OFF
24.2,70.5,ON
19.2,49.5,OFF
,51.1,OFF
20.7,55.9,OFF
25.4,51.5,OFF
23.8,26.9,OFF
22.5,52.3,OFF
24.8,61.9,OFF
25.2,20.9,OFF
30.2,59.8,ON
19.6,80.3,ON
21.2,53.4,OFF
27.9,46.4,OFF
24.5,58.2,OFF
24.1,76.7,ON
29.1,49.7,ON
17.4,70,OFF
22.1,58.3,OFF
26.4,67.6,OFF
23.2,53.8,ON
19.4,48.5,OFF
27,54.3,OFF
15.1,63.1,ON
22.6,51.9,OFF
22.9,77.3,ON
18.6,67.7,OFF
27.9,40.5,OFF
,66.6,OFF
22.6,37.6,OFF
27,62.2,OFF
20.4,62.7,OFF
29.7,62.8,ON
29.8,48.1,ON
15.6,81.3,ON
21.4,26.9,ON
30.4,28.7,ON
-999,88,ON
85,62.4,OFF
29.8,54.4,ON
3.2,95.5,OFF
16.6,43.1,OFF
26.8,68.5,OFF
25.9,68.8,OFF
20.5,58.5,OFF
26.1,40.2,ON
29.3,49.5,ON
18.8,74.3,ON
26,67.7,OFF
18.2,56.9,OFF
22.8,27.6,OFF
22.6,66.4,ON
21.7,65,OFF
15.3,40.1,OFF
21.4,83.6,ON
27.1,48.5,OFF
29.8,94.2,ON
17.3,62.9,OFF
24,95,ON
24.7,53.8,OFF
30.1,41.1,ON
30.1,59.1,ON
23.8,58.9,OFF
23.1,62.9,OFF
33.6,40.2,ON
29,47.8,ON
23.4,42.3,OFF
26.9,63.7,OFF
29.4,61.4,ON
27.2,71.9,ON
30.6,39.1,ON
29.2,66.4,ON
24,79.3,ON
31,61.8,ON
34.8,56,ON
21.2,79.1,ON
20.9,72.9,ON
22.2,46.9,OFF
20.9,47.2,OFF
21.3,52.3,OFF
29.4,59.1,ON
17.3,61.4,OFF
21.1,76.2,ON
21.1,50.3,OFF
32.2,63,ON
30.5,75.7,ON
18.9,57.6,OFF
20.4,61.4,OFF
31.2,63.8,ON
26.2,55.4,OFF
21.1,51.6,OFF
18.4,33.3,OFF
31.1,34.3,ON
18.1,62.2,OFF
21.8,89.4,ON
24.4,17.1,OFF
28,62.8,OFF
25.7,24.7,OFF
13.3,84.8,ON
22.7,30.8,OFF
27,45.7,OFF
28.8,47.1,ON
22.1,59.6,OFF
23.5,54.9,OFF
21.4,61.9,OFF
23.5,56.7,OFF
29.1,58.6,ON
18.5,43.5,OFF
21.2,,OFF
24.9,57.4,OFF
16.1,52.8,OFF
29,65.4,ON
20.7,70.3,ON
23.8,71,ON
14.5,53.4,OFF
26.2,67,OFF
20.4,49.4,OFF
21.4,63,OFF
26.2,52.4,OFF
20.6,56.5,OFF
17.9,55.4,OFF
26.3,-12,OFF
25.1,70.5,ON
27.8,48.7,OFF
18.9,60.6,OFF
24.4,41,OFF
34.5,31.2,ON
19.6,82,ON
-55,54.1,OFF
19.1,55.1,OFF
25,33.4,OFF
19.2,44.9,OFF
20.3,46.5,OFF
21.4,63.3,OFF
27.1,68.3,OFF
23.4,57.2,OFF
22.6,84,ON
20.9,41.5,OFF
21.9,61.5,OFF
24.7,43.6,OFF
35.9,54.9,ON
20.1,62.1,OFF
24.4,56.9,OFF
26.2,55,ON
22.6,38.3,OFF
23.7,66.7,ON
26.1,67.3,OFF
27.2,42.7,OFF
23.9,85,ON
30.7,61.2,ON
,49.6,OFF
27.8,67.7,OFF
26,54.5,OFF
22.9,69.1,ON
23.7,70.1,ON
23.3,67.2,OFF
,76.2,ON
15.9,35,OFF
33.4,41.2,ON
25.7,52.2,OFF
22.4,71.2,ON
12.8,37,OFF
20,,OFF
14.6,78.3,ON
13.4,73.8,ON
26.2,51.5,OFF
20.3,61.9,OFF
31.5,39.6,ON
20.5,57.4,OFF
24.8,78.5,ON
17.8,41.6,OFF
28.2,51.3,ON
23.3,70,OFF
29.4,54.2,ON
23.6,57.8,OFF
21.7,54,OFF
18.2,59.7,OFF
24.4,66.3,OFF
19.2,45.4,OFF
21.8,43.5,ON
23.2,81.7,ON
25.3,54.8,OFF
29.2,69.1,ON
,76.1,ON
15.4,54.4,OFF
23.3,62.8,OFF
20.4,64.2,OFF
26.8,43.9,OFF
27,48.7,OFF
27.9,70.5,ON
16.5,68.1,OFF
25.2,51.6,OFF
18.6,21.2,OFF
20.4,72.4,ON
19.8,61.1,OFF
27.6,54,OFF
31.1,32.4,ON
28.3,84.7,ON
20.2,45.5,OFF
18,17.9,OFF
31.6,78.2,ON
20.9,57.1,OFF
20.2,46.3,OFF
18.6,68.8,OFF
-55,45.8,OFF
17.9,54.3,OFF
31.1,50.2,ON
23.9,52.5,OFF
27.4,59.3,OFF
23.9,60.5,OFF
29.6,43.6,ON
-55,34.9,ON
18.7,44.7,OFF
14.8,54.3,OFF
27.7,32.4,OFF
19,,OFF
23.1,82,ON
13.2,41.6,OFF
27,81.7,ON
27.8,61.9,OFF
21.1,57.4,OFF
17.3,48.7,OFF
25.3,51.9,OFF
23.2,46.2,OFF
29.6,180,ON
19.1,71.3,ON
23.1,52,OFF
28.3,43.2,ON
20.6,68.2,OFF
24.7,67.1,OFF
23.4,73.6,ON
14.3,74.3,ON
24.8,65.8,OFF
25.5,43.6,ON
24.1,36.9,OFF
27.1,83.9,ON
31.1,86.9,ON
13.2,49.6,OFF
24.9,35.3,OFF
27.3,62.8,OFF
19.9,33.9,ON
24.6,48.4,OFF
23,51.3,OFF
26.9,17.1,OFF
23.9,66.6,OFF
28.6,42.6,ON
25,35.3,OFF
29.4,,ON
23.1,40.9,OFF
22.8,72.3,ON
16.1,79,ON
32.6,53.3,ON
23.1,48.2,OFF
31.3,69.3,ON
27.6,84.9,ON
28.6,30.4,ON
20.4,59,OFF
22.6,49.3,OFF
15.7,70,OFF
20.5,46.2,OFF
19.4,54.5,OFF
22.5,69.4,OFF
22.4,22,OFF
25.9,71.6,ON
25.6,59.6,OFF
21.9,64.9,OFF
19.6,45.3,ON
33.2,67.9,ON
25.7,59.4,OFF
25.4,56.8,OFF
22.6,63.2,OFF
17.6,26.9,OFF
31.2,94,ON
23.9,63.8,OFF
18.5,53.2,OFF
17.2,64.3,OFF
34.1,62.4,ON
25.4,70.9,ON
22.3,52.5,OFF
24.4,56.3,OFF
29.6,61.8,ON
26.7,55,OFF
23.7,22.5,OFF
23.7,73.7,ON
21.2,80.7,ON
25.7,49.2,OFF
16.3,49.7,OFF
15.8,63.4,OFF
19.9,68.8,OFF
11.5,44.8,OFF
25.4,46.5,OFF
21.3,23.9,OFF
31.9,38.4,ON
25.2,39.1,OFF
32.1,,ON
18.5,53.5,OFF
34.4,71.7,ON
23,34.1,OFF
27.4,50.6,OFF
20.9,57.2,OFF
28.8,55.1,ON
15.9,59.6,OFF
23.8,53,OFF
19.1,64.1,OFF
-55,74.6,ON
14.1,67.6,OFF
31.1,58.4,ON
24,53.2,OFF
33.4,36.8,ON
23.3,60.2,OFF
27.8,53.1,OFF
20.3,75,ON
,76.5,ON
23.7,76.4,ON
24.3,33.3,ON
26.8,62,OFF
23.1,72.6,ON
21.7,19.7,OFF
9.7,55.2,OFF
16.7,37.3,OFF
31.6,68.1,ON
22.1,,OFF
18.1,68.4,OFF
24.7,78.3,ON
28.7,43.1,ON
21.7,95,ON
22.7,33.1,OFF
14.7,70.3,ON
17,999,OFF
22.8,59.1,OFF
32.6,59.8,ON
23.9,39.6,OFF
22,64.2,OFF
26.8,68.7,OFF
26.2,73.2,ON
15.7,79.7,ON
21.3,42.9,ON
29.7,46.4,ON
17.2,35.8,OFF
17.5,64.5,OFF
19.1,75.8,ON
31.5,68.4,ON
120,68.9,OFF
29.5,34.7,ON
31.7,51.4,ON
20,50.4,OFF
18.7,76,ON
27.1,77.5,ON
27.1,27.7,OFF
27.8,48.7,OFF
13.7,66.9,OFF
29.3,87.5,ON
19.7,65.9,ON
28.4,49.2,ON
,38.1,OFF
27.8,71.5,ON
24.2,56,OFF
18.2,53.2,OFF
24.1,33.8,OFF
17.8,52,OFF
29.6,48,ON
31.7,56.4,ON
18,,OFF
25.1,45.5,OFF
19.8,67.4,OFF
25.4,53.6,OFF
27.9,51.3,OFF
15.5,52.8,OFF
20.3,78.3,ON
24.7,46.7,OFF
26.5,46.4,OFF
24.8,53.1,OFF
27.2,45.1,OFF
19.2,47,OFF
17.9,37,OFF
35.2,75.9,ON
25.7,54.7,OFF
38.6,19.7,OFF
20.5,62.6,OFF
9.7,62.6,OFF
24.7,81.2,ON
27.7,72.9,ON
20.1,95,ON
30.3,39.3,ON
22.8,37.1,OFF
15.8,69,OFF
15.2,39.9,OFF
20,75.5,ON
20.5,59.8,OFF
120,52.7,OFF
26.2,52.5,OFF
29.2,69,ON
25.7,37.8,OFF
18.8,47.6,OFF
,37.6,OFF
28.2,64.5,ON
25,41.5,OFF
15.4,72.4,ON
29.3,51.7,ON
22.7,52.5,ON
25.7,150,OFF
21.9,73.7,ON
19.4,57.6,OFF
27.3,73.3,ON
25.4,53.9,OFF
31,46.3,ON
27.3,64.5,OFF
14.7,25.2,OFF
19.9,51.4,OFF
24.6,53.3,OFF
29.5,62.4,ON
25.4,60.7,OFF
32.2,80.8,ON
21.6,63.2,OFF
25.9,42.3,OFF
22.3,69.2,OFF
20.1,180,OFF
,70.6,ON
23.1,75.7,ON
17.2,78.3,ON
21.1,51.9,OFF
35.1,34,ON
20.2,81.8,ON
20.6,65.1,OFF
21.3,37.7,OFF
24.9,33.5,OFF
11.4,63.1,OFF
30.7,70.7,ON
16,54.5,OFF
23.6,62.7,OFF
27.7,35.7,OFF
23.7,72,ON
28.9,53.6,ON
23.1,65.1,OFF
24.2,50.8,OFF
32.8,87.6,ON
21.5,66.4,OFF
32.8,65,ON
26.5,51.5,OFF
20.9,75.5,ON
28.1,87,ON
30.8,36,ON
21.3,49.4,OFF
20.7,52.1,OFF
25,,ON
22.3,66.2,OFF
27.4,48.5,OFF
21.4,44.3,OFF
29.1,68.4,ON
23.4,69.7,OFF
17.8,35.8,OFF
31.6,79.3,ON
24,50.8,OFF
23.3,43,OFF
28.2,38,ON
23.7,45.6,OFF
31.9,53.7,ON
18.7,69.1,OFF
18,54.1,OFF
24,66.8,OFF
22.9,35.7,OFF
22.9,62.6,OFF
18.2,61.7,OFF
33.5,50.3,ON
28.7,66.4,ON
22.7,71.1,ON
21.1,47.3,OFF
22.3,43.2,OFF
24.3,62.5,OFF
20.2,78.2,ON
26,75.7,ON
20.1,25.4,OFF
18.7,43.1,OFF
24.4,59.9,OFF
25.4,35.6,OFF
23.2,59.2,OFF
31.5,40.7,ON
28,57.1,OFF
19.5,46.4,OFF
30.6,73.6,ON
,38.9,OFF
38.3,32.8,ON
24.9,88.6,ON
21.7,46.8,OFF
29.7,34.3,ON
28,31.8,OFF
18.8,46.7,OFF
250,62.2,OFF
26.3,40.2,OFF
19.6,66.4,OFF
22,42.6,OFF
22.6,61,ON
24.3,59.6,OFF
17,25.8,OFF
18.4,,ON
38.2,22.7,ON
25.7,59.9,ON
23.7,48.2,OFF
27.6,43.9,OFF
29.1,63.5,ON
13.8,48.6,OFF
24.8,63,OFF
26.8,50.1,OFF
32.6,49.5,ON
26.8,51.7,OFF
20.1,24.3,OFF
27.3,52.3,OFF
20.3,56.3,ON
26.2,51.2,OFF
14.9,61.9,OFF
19,77.5,ON
19.7,63,OFF
33.8,58.7,ON
30.2,46.6,ON
17.5,31.1,OFF
24.7,51.5,OFF
31.2,45.2,ON
120,44.6,OFF
22.2,55.6,OFF
29.7,999,ON
26.9,40.1,OFF
27.7,43.9,OFF
35.3,45.5,ON
26,72.2,ON
21.1,59.9,OFF
25.6,50.1,OFF
16,43.7,OFF
26.4,54.2,OFF
23.4,59.5,OFF
23.2,49.8,OFF
25.2,61.2,OFF
31.9,53.7,ON
27.8,15.4,OFF
24.1,28.9,OFF
,51.6,ON
17.3,58,OFF
22.8,66.8,OFF
20.6,39.7,OFF
19.7,70.4,ON
34,56.8,ON
,51.4,ON
20.4,72.2,ON
18.9,59.4,OFF
16,84.3,ON
28.6,85.5,ON
30.9,51.5,ON
20.8,70,OFF
19.1,43.2,OFF
29.6,66.9,ON
26.4,51.9,OFF
22.5,74,ON
25.7,55.6,OFF
14.2,27.4,OFF
27.6,50.1,OFF
24.2,49.5,OFF
26.2,55.9,ON
30.4,38.1,ON
19.7,46.5,OFF
25,47.7,OFF
29.5,59.4,ON
23.1,36,OFF
17.3,59.3,OFF
32.8,62.4,ON
24.8,46.9,OFF
27.9,68.6,OFF
17.9,82,ON
32.1,54.1,ON
13.8,999,OFF
20.6,51.4,OFF
24.4,40.5,OFF
29,49.3,ON
20.3,49.8,OFF
23.3,41.3,OFF
31.2,66.3,ON
25.2,16.9,OFF
13.2,54.8,OFF
16.7,56.3,OFF
30.8,67,ON
27,54.1,OFF
22.8,72.8,ON
22.5,54.9,OFF
20.9,53.6,OFF
15.5,61.8,ON
29.8,48.7,ON
24,44.7,OFF
13.8,68,OFF
20.2,49.4,OFF
23.6,29.4,OFF
21.3,39.9,OFF
25.3,57.1,OFF
22.3,85.5,ON
23.1,48.1,OFF
23.8,50.2,OFF
32.6,999,ON
21.1,34.5,OFF
16.6,33.2,OFF
25.8,76.3,ON
26.1,52.4,OFF
28.5,53.9,ON
31.1,180,ON
25.8,29.1,OFF
24.3,43.4,OFF
17,57.7,OFF
24.5,76.2,ON
21.4,60.2,OFF
26.6,78.2,ON
17.1,74.5,ON
120,23.1,ON
18.3,50.7,ON
26.3,31.8,OFF
17.9,40.6,OFF
15.1,64.1,OFF
24.4,57.5,OFF
24.1,62.7,OFF
37,75.3,ON
20.1,61.9,OFF
22.9,67.6,OFF
17.2,72.9,ON
19.6,45.8,OFF
22.8,31.9,OFF
26.7,68.1,OFF
32,60.4,ON
25.4,53.1,OFF
30.8,50.4,ON
19.3,49.1,OFF
25.2,57.1,OFF
120,59.4,ON
20.9,63.5,OFF
30.5,59.9,ON
26.1,72.9,ON
29,50.4,ON
19,59.1,OFF
21.5,51.9,OFF
31.5,62.5,ON
25.5,51.2,OFF
30.3,51.6,ON
20.6,57,OFF
24.6,77,ON
23.6,58,OFF
26.1,70.1,ON
12.7,29.4,OFF
22.8,49.1,OFF
13.1,53.5,OFF
27.8,41.2,OFF
20.2,65.4,OFF
29.4,67.6,ON
12.4,52.6,OFF
27.3,63.6,OFF
32.1,72.1,ON
26.3,44.9,OFF
22.3,44.7,OFF
21.4,71.4,ON
23.7,71.2,ON
35.2,39.9,ON
14.8,72.4,ON
17,55,OFF
23,62.6,OFF
20.2,69.3,OFF
26.7,86.6,ON
26.6,28.9,ON
21.9,22.6,ON
22.9,38.7,OFF
22.8,86.6,ON
20.1,54.7,OFF
2.8,90.6,OFF
15.6,51.8,OFF
25.3,49.6,OFF
22.8,49.8,OFF
23.1,40.8,OFF
27.7,51.3,OFF
23.8,60.6,ON
19.5,30.1,OFF
26.5,59.1,OFF
17.3,50.6,OFF
22.7,61.4,OFF
17.5,56.2,OFF
25.3,54.9,OFF
19.3,31.2,OFF
28.8,,ON
31.1,56.9,ON
20.1,57.3,OFF
24.1,46.7,OFF
19.6,29.8,OFF
20.7,30.7,OFF
23.2,69.8,OFF
29.5,55.9,ON
21.8,50.6,OFF
28,31.2,OFF
18.1,55.1,OFF
20.6,79.6,ON
25.3,39.1,OFF
19.2,32.5,OFF
24.6,999,OFF
23.4,35.3,OFF
23.8,35.5,OFF
26.2,30.4,OFF
24.5,57.5,OFF
25.9,37.7,OFF
34.2,32.9,ON
21.6,999,OFF
23.3,50.8,OFF
23.6,48.5,OFF
28.3,60.7,ON
14.6,58.2,OFF
24.8,51.7,OFF
17.2,68.5,OFF
22.3,45.6,OFF
24,40.2,OFF
18.6,24.9,OFF
29.7,73.9,ON
25.5,53.1,OFF
23,70.5,ON
28.4,42.7,ON
13,49.6,OFF
31,70.6,ON
27.7,61,OFF
22.4,54.8,OFF
24.2,48.4,OFF
22.8,,OFF
22.4,45.1,OFF
25.3,68.2,OFF
28.2,53.7,ON
23.8,55.3,OFF
27.2,63.1,OFF
26.1,57.6,OFF
23,56,OFF
18.6,34.9,OFF
26.2,56.7,OFF
14.4,41.6,ON
29.6,42.3,ON
21.3,39.2,OFF
23.9,43.5,OFF
23.6,33.2,ON
15.2,66,OFF
19.3,54.3,OFF
21.6,40.3,OFF
28.3,34.6,ON
19.8,59.4,ON
18.8,58.6,OFF
25,65.1,OFF
19.2,54.1,OFF
23.3,77.4,ON
22.3,36.6,OFF
21.7,69,OFF
,38.5,OFF
27.3,59.8,OFF
18.7,74.5,ON
17.9,43.4,ON
29.6,-12,ON
32.3,48.4,ON
22.4,84,ON
26.2,61,OFF
19.7,49.7,OFF
25.6,92.2,ON
16.6,68.7,OFF
28.2,67.6,ON
27.2,54.8,OFF
22.9,59.9,OFF
25.9,82.8,ON
29.6,63.6,ON
23.1,91.7,ON
33.4,59.1,ON
21.1,42.9,OFF
18.5,39.7,OFF
29.3,51.7,ON
28.4,37.5,ON
23.6,48.3,OFF
18,45.2,OFF
26.8,28.8,OFF
30.1,54.7,ON
22.1,54.8,OFF
25.7,,ON
22.1,65.6,OFF
20.5,66.2,OFF
23.5,35.5,ON
23,51,OFF
23,74,ON
17.9,66.7,OFF
21.2,54.5,OFF
32.1,76,ON
21.9,71.1,ON
23.5,52.4,OFF
28.7,40.8,ON
25.4,,OFF
27.6,26.6,OFF
34,40.9,ON
25.8,69.5,OFF
20.8,60.6,OFF
22.7,75.3,ON
23.8,54.7,OFF
21.2,89,ON
33.1,51.6,ON
24.1,84.4,ON
22.1,35.9,OFF
26.8,64,OFF
24,55.1,OFF
21.8,55.3,OFF
31.5,61.7,ON
29.3,60.2,ON
21,70.7,ON
22,50.4,OFF
25.4,82.6,ON
20,61.6,OFF
19.3,62.7,ON
16.9,69,OFF
20.4,50.5,OFF
32.5,77.6,ON
28.8,65.5,ON
25.5,49.3,OFF
29.4,59.6,ON
25.8,19.6,OFF
22.3,64.8,OFF
21.2,41.6,OFF
10.1,74.7,ON
15.1,54.5,OFF
17.6,41.8,OFF
23.4,51.4,OFF
27.9,57.6,OFF
21.3,-40,OFF
17.8,58.5,OFF
25.3,81,ON
22.7,77.2,ON
16.5,39.2,OFF
23.5,63.9,OFF
19.4,67.7,OFF
22.7,39.3,OFF
28.8,27.3,ON
21.2,40.8,OFF
21.6,94.8,ON
18.4,38.1,OFF
22.2,70.1,ON
17.5,50.1,OFF
21.8,-12,OFF
23.8,48.1,OFF
27.6,66,OFF
21.6,36.3,OFF
20.1,55.4,OFF
22.5,58.8,OFF
31.4,68.2,ON
26,78.8,ON
27.4,57.2,OFF
28.1,52,ON
19.6,,OFF
17.1,53.6,OFF
18.4,69.5,OFF
31.3,61.7,ON
20.5,74.9,ON
17,48.4,OFF
22.7,52.6,OFF
20.5,54,OFF
17,70.2,ON
30.8,65.3,ON
22.9,58.7,OFF
18.2,41.5,OFF
22,56.8,OFF
24.2,38.4,OFF
24.9,55.5,OFF
26,95,ON
16.1,45.7,ON
27.7,54.9,OFF
27.1,82.8,ON
17.3,52.3,OFF
23.3,51.8,OFF
,49.7,OFF
30.8,65.6,ON
35.8,15,ON
24.5,45.8,OFF
22.7,61.8,OFF
32.9,41.3,ON
16.2,47.5,OFF
22.5,79.4,ON
17.4,48.6,OFF
21.3,52.2,OFF
24,36,OFF
21.8,64.6,OFF
23.6,51.5,OFF
31.6,44.1,ON
24.4,78.9,ON
30.9,48.2,ON
30.3,33.3,ON
22.1,58.8,OFF
27.8,53.2,OFF
11.8,46.1,OFF
29.5,73,ON
20.3,73,ON
23.7,54.2,OFF
27.8,37.2,OFF
26.2,,OFF
23.3,57.4,OFF
25,54.9,OFF
24.6,60.8,OFF
19.2,72,ON
28.6,58.5,ON
28.6,63.1,ON
15.5,58.6,OFF
25.8,39.3,OFF
20.9,57.6,OFF
13.3,32.2,OFF
21.7,81.9,ON
27.2,47.2,OFF
27.3,42.4,OFF
25.8,55.2,OFF
30.4,47.8,ON
31.7,75.5,ON
24.2,41.7,OFF
22,76.5,ON
33.5,50.9,ON
25.8,58.7,OFF
24.4,79,ON
29.1,63.8,ON
25.6,45.2,OFF
19.8,61.6,OFF
21.7,74.1,ON
22.9,50,OFF
17.8,45.7,OFF
16.2,55.4,OFF
21.7,40.2,OFF
15.6,52.7,OFF
27.7,73.8,ON
21.7,56.5,OFF
28,45.3,OFF
27.3,23.4,OFF
22.6,87.8,ON
15.4,48.1,OFF
20.7,49.6,OFF
29.6,43.7,ON
23.5,52.1,OFF
26.3,45.3,OFF
28.9,61.5,ON
21.3,51,OFF
22.1,50.3,OFF
25.1,32.2,OFF
23.8,37.8,OFF
25.1,42,OFF
25.5,63.9,OFF
24.9,65.3,OFF
29.2,71.4,ON
19.6,51.8,OFF
29.9,59.7,ON
21.3,80.4,ON
38.1,44,ON
26.9,70.6,ON
21.9,37.1,ON
22,76.1,ON
25.6,53.5,OFF
27.9,50.7,OFF
25.2,61.6,OFF
20,61.6,OFF
21.5,40.1,OFF
24.5,56.3,OFF
24.2,58.6,OFF
16.2,59.6,OFF
25.4,84.4,ON
29.9,48.4,ON
18.6,66.4,OFF
18.8,73.6,ON
24.4,58.6,OFF
21.8,73.1,ON
23.6,64.5,OFF
-999,73.2,ON
26.9,44.2,ON
18,73.4,ON
29.4,48.5,ON
28.8,33.8,ON
26.4,43.5,OFF
16.6,70.4,ON
-999,49.9,OFF
27.1,53.5,OFF
21.9,43.1,OFF
32.4,47.5,ON
20.7,78.4,ON
33.8,52.8,ON
25.2,44.3,OFF
30.6,45.5,ON
25.7,48.1,OFF
27.2,78.8,ON
22.3,,OFF
22.2,79.5,ON
22.6,62.5,OFF
19.1,67.5,OFF
25.4,42.8,OFF
32.7,72.1,ON
26.6,63,OFF
24.9,68.7,OFF
17.2,87,ON
21.8,999,OFF
33.8,75.7,ON
22.7,65.4,OFF
23.4,38.7,OFF
23.5,52,OFF
23.6,87,ON
25.2,60.2,OFF
23.8,66,OFF
16,76.9,ON
24.3,76.8,ON
21.3,,OFF
23.7,51.1,OFF
23.9,75,ON
31.3,60.9,ON
24,65.9,OFF
25.9,25.9,OFF
,33.6,OFF
26.3,40.3,OFF
27.1,46.2,OFF
20.5,,OFF
30.2,67.9,ON
19.2,43.4,OFF
16.1,52.4,OFF
34.7,30.3,ON
25.6,80.7,ON
14.9,79.2,ON
30.3,38.1,ON
19.5,56.4,OFF
26.6,76.1,ON
21.8,62.4,OFF
19.2,42.8,OFF
24.7,33,OFF
28.8,83.5,ON
24.7,43.4,OFF
19.3,68.8,OFF
19.1,44.2,OFF
25.2,55.9,OFF
22.6,95,ON
23,60.2,OFF
32.8,70.5,ON
28.6,29.3,ON
17.3,58,OFF
21.6,52.6,OFF
22.6,48.1,OFF
23.2,39.3,OFF
18.9,65.5,ON
32.2,55.9,ON
16.5,40.5,OFF
27.6,23.9,OFF
24,61,OFF
26.7,41.3,OFF
29,83.3,ON
30.9,66.1,ON
26.2,64.8,OFF
30.8,47.4,ON
29.2,71.4,ON
17.3,48.1,OFF
12.9,60.5,OFF
17.5,49.2,OFF
28.7,58.5,ON
28.7,74,ON
18,49.6,OFF
,76.8,ON
28,60.8,OFF
30.9,41,ON
30.5,41.9,ON
24.6,46.9,OFF
15.3,58.3,OFF
26.9,47.9,OFF
21.7,32.9,OFF
29.4,35.8,ON
28.5,58.6,ON
-999,51.8,ON
21.2,67.2,OFF
26.7,43.1,OFF
24.5,35.2,OFF
27.2,82.6,ON
27.8,52.2,OFF
32.2,60.9,ON
19.8,39.7,OFF
32.7,999,ON
24.3,77.9,ON
23.1,34.9,OFF
27.4,26.6,OFF
26.3,50.6,OFF
22.7,57.8,OFF
31.1,66.6,ON
28.3,56.7,ON
17.7,44.8,OFF
22,34.2,OFF
21.5,85.6,ON
31.3,59.6,ON
20.8,64.6,OFF
26,68.5,OFF
33.3,56.4,ON
26.4,61.4,OFF
29.2,48.9,ON
22.4,,ON
23.1,-12,OFF
16.7,60.6,OFF
85,68.8,OFF
10.9,54,OFF
20.6,70.3,ON
15.4,56,OFF
26.5,42.9,OFF
21.8,73.6,ON
23.4,,ON
250,45.7,OFF
27.3,44.3,OFF
,55.5,ON
25.9,69.9,OFF
24.1,56.5,OFF
27.1,56.6,OFF
32.9,47.3,ON
21.1,40.2,OFF
27.4,32.6,OFF
13.1,48.2,OFF
11.2,71.6,ON
24.4,53.6,OFF
22.7,65.5,OFF
20.1,31.1,OFF
14.9,180,OFF
25.6,76.6,ON
25.3,54.1,OFF
20.9,48,OFF
27.1,63.3,OFF
24.4,90.3,ON
32.7,68.1,ON
26.5,43.6,OFF
34.8,67.7,ON
24.3,77.2,ON
24.5,30.3,OFF
26,50.7,OFF
24.6,,OFF
21.9,46.2,OFF
24.1,57.8,ON
34.8,46.6,ON
27.6,54.1,OFF
31.5,48.1,ON
27.5,48.6,OFF
28.8,59.6,ON
16.9,75.1,ON
24.8,63.9,OFF
22.6,73.1,ON
21.1,31.8,OFF
22.9,41.4,OFF
22.9,,OFF
120,50.1,OFF
21,55.2,OFF
21.8,71.6,ON
25.2,58.5,ON
29.5,40.6,ON
23.3,67,OFF
20.6,46.3,OFF
18.2,72.5,ON
20.2,57.8,OFF
27.4,67.2,OFF
12.3,50.6,OFF
15.9,44.6,OFF
31.8,19.5,ON
22.9,49.6,OFF
21.7,40,OFF
18.4,32.5,OFF
26.8,55.3,OFF
26,33.6,OFF
25.8,60.7,OFF
26.5,57.1,OFF
24.7,52,ON
22.7,68.9,OFF
30,59,ON
34.9,39,ON
23.7,40.5,OFF
28.9,45.6,ON
27.1,76.9,ON
22.2,77.7,ON
22.1,71.8,ON
22.4,31.4,OFF
33.6,26.9,ON
24.4,66.4,OFF
32.3,45.3,ON
18.8,60,OFF
20.6,36.8,OFF
26.9,73.7,ON
120,53.3,ON
23.8,50.5,OFF
34.5,39.1,ON
26.6,35.7,OFF
24.9,57.9,OFF
35.7,71.4,ON
28.7,64.2,ON
24.6,41.8,OFF
31.2,69.7,ON
29.1,48.8,ON
26.8,52,OFF
26.3,40.6,OFF
26.7,38.1,OFF
16.2,39.9,OFF
29.3,49.9,ON
29.8,22.9,ON
24.4,-12,OFF
14.7,62.7,OFF
27.5,50.4,OFF
19.2,71.5,ON
32.3,30.5,ON
19,55.7,OFF
29.3,34.1,ON
28.4,53.3,ON
23.6,62.5,OFF
27.3,73.4,ON
25.8,46.3,OFF
28.5,38.3,ON
24.1,61.4,OFF
27,52.7,OFF
23.5,43.2,OFF
25.1,74,ON
36.7,42.1,ON
27.7,60.1,OFF
20.4,32.2,OFF
18.1,51,OFF
24,49.4,OFF
28.6,48.7,ON
28.9,59,ON
27.9,87,ON
12.1,63.4,OFF
16.7,77.8,ON
17.3,78,ON
23.9,65,OFF
28.1,,ON
26.1,45.8,OFF
26.2,45.2,OFF
21.4,53.6,OFF
18.8,51.2,OFF
30.5,,ON
28.4,54.5,ON
28.6,40.1,ON
26.1,34,OFF
20.9,62.2,OFF
22.4,34.9,OFF
22.6,59.4,OFF
26.5,21.5,OFF
23.2,40.1,ON
17.1,25.9,OFF
26.3,70.6,ON
19,49.6,OFF
25,17.7,OFF
29.4,64.7,ON
34.6,46.3,ON
29.8,40.5,ON
26.7,52.2,OFF
15.6,38.6,OFF
,43.3,OFF
18.3,60.6,OFF
26,58.1,OFF
30.8,32.3,ON
19.2,40.3,OFF
17.3,51.7,OFF
30.6,63.6,ON
28,56.4,OFF
20.9,69,OFF
33.2,56.7,ON
26,33.5,OFF
24.7,39.3,OFF
29.9,56.4,ON
21.6,45.9,OFF
25,58.1,OFF
23.8,71.9,ON
14.8,68.4,OFF
25.3,49.4,OFF
21.9,32.3,OFF
23,72.5,ON
21.1,71.4,ON
36.4,51.9,ON
15.8,69.7,OFF
27.6,70.4,ON
23.5,60.3,OFF
17.3,47.4,OFF
34.3,57.1,ON
16,,OFF
14.7,52.9,OFF
29,25.9,ON
21.4,45.7,OFF
25.1,42.6,OFF
17.9,49.2,OFF
25.9,72.1,ON
23.9,,OFF
22,47.6,OFF
24.1,61,OFF
85,58,OFF
23.8,35.9,OFF
20,64.1,OFF
21.2,41.4,OFF
26.4,75.7,ON
24.2,64,OFF
28.3,47.1,ON
21.6,75.6,ON
11.3,81.2,ON
19,58.5,OFF
25.5,53.3,OFF
,78.9,ON
17.6,44.6,OFF
23.7,53.8,OFF
25.3,68.6,OFF
24.6,150,OFF
31.7,41.5,ON
10.8,64.9,OFF
21.5,80.4,ON
120,56.3,OFF
26.1,78.1,ON
24.9,55.5,OFF
14.5,46.5,OFF
27.4,60.6,OFF
25.7,80.4,ON
29.2,77.7,ON
26,77.9,ON
18.2,80.5,ON
17.6,74.3,ON
31.5,37.6,ON
31.9,49.1,ON
31.8,57.5,ON
24.2,43.7,OFF
28.8,59.8,ON
14.5,27.1,OFF
20.2,68.6,OFF
19.2,51.7,ON
20.7,58.6,OFF
,59.2,OFF
31.2,59.1,ON
22.8,38.8,OFF
33.5,48.1,ON
27.9,44.2,OFF
18.2,66.6,OFF
13.7,81.5,ON
26.5,84,ON
32,37.9,ON
28.8,62.1,ON
19.1,,OFF
34.3,42.6,ON
36.7,33.1,ON
25.4,37.9,OFF
31.9,59.8,ON
17.3,55.8,OFF
34.6,54.2,ON
24.2,40.2,OFF
21.3,50.6,OFF
26.3,34.5,OFF
31.1,52.1,ON
19.6,28.8,OFF
14.2,49.6,OFF
19.4,60,OFF
21.2,67.5,OFF
16.8,46.8,ON
23.9,81.6,ON
19.1,,OFF
21.4,71.6,ON
19,51.1,OFF
30.6,49.6,ON
32.2,57.7,ON
15.7,83.6,ON
22,48.9,OFF
23.7,65.8,OFF
18.6,60.9,OFF
26.2,51.2,OFF
23.6,72.5,ON
-55,35.2,OFF
18.3,67.5,OFF
30.1,51.4,ON
25.4,57.4,OFF
29.2,54,ON
23.4,71.7,ON
12.8,79.8,ON
23.8,71,ON
26.4,70,OFF
25.1,29.4,OFF
23.1,64.9,OFF
16,63.7,OFF
16.8,64.8,OFF
29.3,63.9,ON
28.4,43.3,ON
25.3,34.2,OFF
29.7,48.3,ON
17.9,65.7,ON
25.9,60.8,OFF
21.4,62.6,OFF
27.9,55.7,OFF
25,70.5,ON
21,46.5,OFF
18.4,51.4,OFF
18.7,,ON
15.7,56.5,OFF
21.2,71.3,ON
25.6,42,OFF
25.7,37.9,OFF
22.6,46.4,OFF
17.7,65.5,ON
25.3,71.3,ON
24.4,50.1,OFF
15.1,44,OFF
26.6,60.9,OFF
28.1,61.6,ON
20,56.3,OFF
24,76.4,ON
22.7,44.9,OFF
16.5,,OFF
21.6,,OFF
22.4,47.4,OFF
22.5,48.4,OFF
23.5,55.9,OFF
26.8,53,OFF
31.9,66.5,ON
18.6,30.1,OFF
24.6,71.6,ON
25.2,47.3,OFF
20.1,38.1,OFF
26.7,56,OFF
17.7,,OFF
,40,OFF
36.2,36.4,ON
14.9,55.1,OFF
85,40.3,OFF
22.2,60.3,OFF
27.8,58.4,OFF
15.3,150,ON
25.1,30.8,OFF
32,28.5,ON
27.1,72.6,ON
13.4,70.8,ON
25.5,49.9,OFF
-999,61.3,ON
22.3,50.1,OFF
20.8,50.3,OFF
20.3,63,OFF
30.4,62.8,ON
27.3,75.5,ON
22.2,50.4,OFF
29.4,61.9,ON
20.4,33.6,OFF
18.2,77.8,ON
24.1,42.9,OFF
28.6,51.3,ON
,53.3,OFF
26.4,55,OFF
,39.8,OFF
22,15,OFF
24.6,31.9,OFF
19.6,81,ON
24,37,OFF
29.1,59.9,ON
19.9,35.6,OFF
28.7,55.3,ON
20.6,48.7,OFF
22.1,51.9,OFF
29.4,36,ON
31.8,,ON
21.6,61.9,OFF
18.6,52.7,OFF
22.7,68.1,OFF
25.5,59.6,OFF
21.2,84.4,ON
22.3,62.9,OFF
22.8,32.4,OFF
22.5,50.8,OFF
26.9,74.5,ON
23.8,59.8,OFF
25.7,75.7,ON
21.3,56.2,OFF
19.9,52.3,OFF
,59.9,OFF
18.8,61.3,OFF
34.3,67.5,ON
20,69.8,OFF
21.4,51.1,OFF
18.9,46.2,OFF
18.3,37.8,OFF
23.5,43.7,OFF
32.4,56,ON
24.5,64,OFF
16.9,35.9,OFF
23.7,23.2,OFF
30.1,39.6,ON
27.6,65.5,OFF
25.2,62,OFF
21.7,36.6,OFF
28.2,150,ON
23.6,33,OFF
27.9,,OFF
29.9,33,ON
26.7,52.3,OFF
22,33.1,OFF
23.7,71,ON
27.5,57.2,OFF
12.8,46.1,OFF
31,66.3,ON
18.4,27.6,OFF
36.6,55.4,ON
15.7,46.3,OFF
32.9,59.6,ON
27.7,40.4,OFF
24.5,58.6,OFF
31.1,58.7,ON
21.1,61.9,OFF
,68.8,OFF
19.2,56.7,OFF
23.1,55.8,OFF
17.3,95,ON
16,36,OFF
18.5,58.6,OFF
23.1,17,OFF
18.4,55.8,OFF
22.9,22.6,OFF
29.7,60.8,ON
27.6,60.6,OFF
17,90.2,ON
21.3,58,OFF
22.8,52.7,OFF
25.4,74.9,ON
21.2,36.4,OFF
21.4,180,OFF
25.7,46.8,OFF
27.3,63.2,OFF
22,53.7,OFF
26.2,71.9,ON
36,56.9,ON
24.1,60,ON
31.4,75.7,ON
35.5,38.7,ON
34.1,38.1,ON
16.3,44.5,OFF
24.1,71.5,ON
20.3,66.6,OFF
30.1,33.4,ON
29.3,62.2,ON
20.6,39.9,OFF
29,56.5,ON
24.6,85.1,ON
32.6,48.1,ON
18.8,46.5,OFF
27.3,47.3,OFF
25.2,86.8,ON
22.9,31,OFF
30.3,31.4,ON
25.7,48.9,OFF
20.5,55.1,OFF
26.5,69.8,OFF
27.2,67.5,OFF
21.6,59.9,OFF
26.1,77,ON
29.6,65.8,ON
22.5,35.8,OFF
24.3,52.4,OFF
16.7,51.5,OFF
34.2,61.5,ON
27.2,57.3,OFF
24.3,68.2,OFF
25.9,43,OFF
13.2,56.2,OFF
28.3,33.2,ON
29.6,67.3,ON
25.4,40.6,OFF
27.6,42,OFF
26.1,,ON
27.6,46.5,OFF
23.5,41.4,OFF
17.5,60.4,OFF
17.7,49.6,OFF
30.1,54.9,ON
28.8,31.8,ON
22.1,45.6,OFF
18.8,39.7,OFF
25.4,45.9,OFF
15.1,41.4,OFF
26.8,45.7,OFF
29.6,55.5,ON
27.3,66,OFF
22.9,73,ON
26.6,42.6,OFF
25.6,61.9,OFF
24.9,55.3,OFF
35.8,60.1,ON
26.3,77.1,ON
24.4,63,OFF
28.4,38.4,ON
20.6,56.5,OFF
28.6,46.2,ON
26.4,80.3,ON
28,50.4,OFF
25.7,79.4,ON
22.7,59.2,OFF
24.4,66.5,OFF
22.3,44.5,OFF
25.6,59.2,OFF
23,70.1,ON
28.8,72.2,ON
30.2,47.5,ON
,65.6,OFF
17.5,43.4,OFF
28.1,52.7,ON
18.3,53.9,OFF
25.8,34.2,OFF
24.3,58.6,OFF
23.7,75.2,ON
19.1,72.5,ON
27.1,59.8,OFF
19.5,53.9,OFF
26.1,41.3,OFF
28.8,42.5,ON
27.1,71.6,ON
22,95,ON
27.9,49.8,OFF
31.1,52.4,ON
19.5,47.3,OFF
29.9,44.3,ON
27.2,59.9,OFF
16.2,76.3,ON
,45.7,OFF
23.8,80.2,ON
23.1,74.6,ON
25,49.3,OFF
24.8,56.6,OFF
20.9,40.5,OFF
19.9,59.6,OFF
30,39.5,ON
32.4,52.7,ON
21.4,35.5,OFF
21.6,65.3,OFF
28.3,61.3,ON
18.4,81.4,ON
,55.2,OFF
31.2,87.5,ON
21.5,47,OFF
,43.1,OFF
22.1,69.3,OFF
25.2,55,OFF
23.2,54.2,OFF
20.1,65.8,OFF
,73,ON
21.4,39.6,OFF
28.2,17.8,ON
30.4,70.1,ON
23.7,39.7,OFF
24.5,47.6,OFF
26.4,48.8,OFF
26.8,46.7,OFF
26.9,28.8,OFF
26.1,49.6,OFF
26.6,65.9,OFF
19.6,75.2,ON
30.7,-12,ON
20.7,68,OFF
18.8,75,ON
24.8,51.3,OFF
28,62.5,ON
17.2,33.7,OFF
24.6,45.7,OFF
24.6,42.4,OFF
21.1,45.2,OFF
-999,36.9,OFF
26.3,62.2,OFF
23.5,41.1,OFF
24.5,33,OFF
21.2,50.4,ON
23.1,67.5,OFF
28.5,60.7,ON
23.1,63.3,OFF
29.1,64.3,ON
28.2,54.8,ON
26.4,61.1,OFF
14.7,59.4,OFF
23.4,32,OFF
14,40.4,OFF
19.7,77.3,ON
24.1,48.2,OFF
31,67.5,ON
24.4,40.3,OFF
16.1,41.1,OFF
26.4,56.5,ON
31.8,47.4,ON
20.7,55.2,OFF
19,34.5,OFF
36,72.2,ON
23.3,68.5,OFF
24,85.5,ON
26.5,69.2,OFF
21.5,50.2,OFF
23.3,79.3,ON
23.2,47,OFF
23.4,44.5,OFF
21.9,65.2,OFF
25.2,26.1,OFF
16.9,60.7,OFF
20.6,42.9,OFF
20.3,48.2,OFF
30.4,82.7,ON
23.9,93.3,ON
36.9,54.6,ON
26.4,67.9,OFF
26.2,56.1,OFF
19.1,68.1,OFF
29,73.7,ON
27.9,60.6,OFF
25.3,77.4,ON
30.1,52.5,ON
27.2,63.9,OFF
17.7,60.6,OFF
24.3,44.3,OFF
22,61.8,OFF
22.4,42.7,OFF
26,50,OFF
25.9,73.3,ON
28.8,48.2,ON
,78.8,ON
22.9,53,OFF
24.1,55.9,OFF
31.4,80.2,ON
26.9,57.3,OFF
20.6,52.8,OFF
26.4,44.5,OFF
24,50,OFF
23.3,94.3,ON
-55,71.1,ON
24.8,30.9,ON
30.5,72.1,ON
9,50.9,OFF
28.1,57.1,ON
26.9,67.5,OFF
22.3,52.1,OFF
25.2,46.8,ON
25.1,28.6,OFF
16.9,59.1,OFF
25.7,46.7,OFF
22.4,45.7,ON
25.9,30.9,OFF
25,63.7,OFF
14.6,49.9,OFF
24.1,95,ON
27.9,37.8,OFF
29,43.4,ON
16.5,67.6,OFF
26.3,35,OFF
24.7,49.4,OFF
25.1,62.7,OFF
24.1,65.4,OFF
28,59.5,OFF
34.9,37.1,ON
27.1,60.9,OFF
28.2,44.8,ON
20.3,69.2,OFF
24.6,68.2,OFF
3.4,92.1,ON
21.7,59.7,OFF
14.2,60.8,OFF
25.7,57.3,OFF
22.9,63.8,OFF
18.5,47.5,OFF
18.6,50.1,OFF
14.1,82.8,ON
15.2,29.1,OFF
33,52.6,ON
23.3,79.9,ON
23.5,63,OFF
18.6,,OFF
34.4,54,ON
30,72.1,ON
18.5,25,OFF
22.8,61.6,OFF
26.7,38.1,OFF
19.6,38.3,OFF
21.6,63.3,OFF
19.9,72.6,ON
25.8,57.8,OFF
14.8,38.6,OFF
20,43.3,OFF
21.7,59.8,OFF
28.1,35,ON
21.7,56,OFF
32.1,62.7,ON
31.1,33.4,ON
25.2,57.8,OFF
27.9,54.8,OFF
25.8,,OFF
28.9,65.6,ON
27.7,50.9,OFF
17.3,53.7,OFF
26,41.4,OFF
27.7,54.5,OFF
25.4,49.2,OFF
22.8,60.9,OFF
-999,84.1,ON
23.9,79.7,ON
36.6,56,ON
24,65.7,OFF
25.2,51.2,OFF
85,69.9,OFF
33.9,42.9,ON
13.1,57.8,OFF
22.5,41.5,OFF
21.8,44.4,OFF
19.1,81,ON
22.3,61.8,OFF
25.2,56.8,OFF
23,42.5,OFF
18.4,94.1,ON
19.9,28.9,OFF
24.2,43.2,OFF
19.1,80.8,ON
27.7,67.8,OFF
27.1,40,OFF
36.9,17.4,ON
23.7,34.5,OFF
22.4,50.9,OFF
23.5,52,OFF
27.1,72.2,ON
28,49.5,OFF
21.6,32.3,OFF
29.1,67.7,ON
25.9,51.9,OFF
27,67.8,OFF
16.9,48.7,OFF
21.9,50.7,OFF
20.4,41.7,OFF
21.4,44.6,OFF
21.3,38.5,ON
18.9,49.1,OFF
21.9,54.8,OFF
9.8,80.9,ON
22.9,81.7,ON
20.9,,OFF
23.8,46.1,OFF
28.9,62.1,ON
24.9,,OFF
27.8,61.3,OFF
10.7,45.6,OFF
32.4,51,ON
18.7,45.2,OFF
19,52.6,OFF
26,66,OFF
25.4,,OFF
17.8,41.9,OFF
28.9,48.8,ON
10.5,36,OFF
26.5,33.3,OFF
17.1,39.1,ON
,68.8,OFF
31.2,84.9,ON
29.3,56.5,ON
18,45,OFF
34,46.1,ON
22.3,58.6,OFF
24.1,27.8,OFF
28.7,86.6,ON
,41,ON
22.1,79,ON
21.5,54.9,OFF
26.8,53.3,OFF
21.5,49.5,OFF
18.3,49,OFF
21.5,50.1,OFF
22.4,70.5,ON
22.2,57.7,OFF
20.2,52.8,OFF
25.9,43.4,OFF
24,65.7,OFF
32.5,49.4,ON
22.3,68.8,OFF
15.6,61.4,OFF
24.2,,OFF
20.5,66.9,OFF
26.1,57.2,OFF
21.8,51.4,OFF
18.4,65.7,OFF
32.4,71,ON
32.5,50.3,ON
26.1,51.8,OFF
30.5,40.1,ON
25.1,52.4,OFF
28.4,46.9,ON
25.6,59.2,OFF
24.5,51.7,OFF
28.2,31.9,ON
29.4,68.9,ON
31.5,50.2,ON
23.1,53.5,OFF
24.3,42.8,OFF
23.7,52.5,OFF
21.9,45.9,OFF
18.1,46.5,OFF
29.5,61.1,ON
17.4,61.4,OFF
20.2,71.7,ON
16.9,55.1,ON
20.7,52.2,OFF
,87.9,ON
26.2,34.2,OFF
33,58.4,ON
23.7,36.7,OFF
11.5,51.1,OFF
23.7,36.2,ON
,67.1,OFF
29.8,41.4,ON
26.6,50.3,OFF
19,45.8,OFF
14,74.2,ON
20.3,41.1,OFF
20.8,41.1,OFF
29.5,46.2,ON
19.6,52.1,OFF
24.7,29.1,OFF
24.9,52.4,OFF
31.3,69.6,ON
25.8,38.1,OFF
25.2,53.3,OFF
23.5,54.7,OFF
22.2,45.6,OFF
24.4,52.5,OFF
19.7,37,OFF
27.1,46.2,OFF
30.4,57.4,ON
11,55.5,OFF
17.9,44.9,OFF
21.9,67.3,OFF
17.4,52.6,OFF
15.6,25.4,OFF
23,75.1,ON
21.2,77.4,ON
24.1,58.3,OFF
26,23.9,OFF
21.3,70.9,ON
,74.8,ON
23.7,,OFF
19.2,71.6,ON
24.7,46.8,OFF
24.8,46.1,OFF
29.7,76.1,ON
26.1,55.1,OFF
24,70.2,ON
25,,OFF
23.2,73.1,ON
23.7,59.3,OFF
22.8,56.4,OFF
30.9,35.2,ON
26.8,58.6,OFF
22.4,53.1,OFF
20.3,72.7,ON
22.2,42.6,OFF
14,75,ON
25.5,50.7,OFF
18.8,60.5,ON
26.6,56.1,OFF
22.6,51.1,OFF
14.3,50.6,OFF
26.8,54.4,OFF
20.3,43.4,ON
19.8,75.3,ON
19.7,53.2,OFF
19.6,79.1,ON
28.3,81.5,ON
20.9,41.4,OFF
26.3,62.4,OFF
19.3,61.7,OFF
29.6,61.5,ON
23,29,OFF
23.2,54.9,OFF
35.4,53.1,ON
25.1,42.8,OFF
11.3,80.9,ON
23.7,65.9,OFF
31.7,33,ON
26,46.8,OFF
26.7,56.9,ON
1.4,91,OFF
26.3,51.3,OFF
30.9,63,ON
31.1,60.2,ON
29.4,69.5,ON
16.7,52.1,OFF
28.3,73.8,ON
25.7,30.8,OFF
15.7,63.6,OFF
22.1,83,ON
25,150,OFF
23.6,46.5,OFF
14.5,,ON
,34.4,OFF
24.9,35.4,OFF
16.7,54.2,OFF
33.3,39.3,ON
20.6,65.8,OFF
28.1,56.6,ON
20.2,58.5,OFF
27.6,75.7,ON
22.7,49.4,OFF
17,40.3,OFF
22.7,63.5,OFF
21.3,62.1,OFF
21.6,58.5,OFF
13.9,31.5,OFF
28.4,63.6,ON
14.1,85,ON
24.5,16.5,OFF
24,26.3,OFF
27.4,81.7,ON
32,60.6,ON
23.4,48.3,OFF
31.4,40,ON
19.8,34.1,OFF
22.7,62.5,OFF
25.8,31.8,OFF
12.5,67.7,OFF
12.1,44.6,ON
29.7,54.8,ON
27.2,48.1,OFF
24.5,22.3,OFF
18.1,70.4,ON
19.5,59.8,OFF
26.3,52.5,OFF
30.9,39.6,ON
13.5,49.3,OFF
24.5,33.8,OFF
23.1,43.1,OFF
29.6,46.2,ON
25.8,32.9,OFF
28.9,64.9,ON
21.5,42.1,OFF
16.4,45.3,OFF
23.5,76.7,ON
17.9,52.9,OFF
20.6,60.1,OFF
24.8,42.4,OFF
19.2,60.5,OFF
23.9,63.1,OFF
26.4,36.5,OFF
29.3,57.7,ON
21.6,57.4,OFF
26.8,61.9,OFF
32.1,75.2,ON
18.7,57.2,OFF
33.1,63.6,ON
23.5,54.4,ON
27.9,63.1,OFF
30.3,64.1,ON
29.6,48.7,ON
27.4,80.9,ON
26.6,64.5,OFF
18.9,75.1,ON
25.1,64.1,OFF
13.3,57.9,OFF
19.5,46.3,OFF
24.5,55.6,OFF
30.6,71.4,ON
25.8,52.7,OFF
25.6,77,ON
28.2,49.4,ON
19.1,45.4,ON
31.8,53.9,ON
21.4,83.6,ON
33.8,65.4,ON
20.4,35.3,OFF
22,51.5,OFF
18.6,62.1,OFF
20.2,58.9,OFF
24.6,88.5,ON
21.9,49.6,OFF
26.7,67,OFF
13.9,54.7,OFF
25.5,38.8,OFF
17.6,55.9,OFF
27.9,45.2,OFF
22.3,44,OFF
26.2,45.6,OFF
26.5,73.2,ON
21.2,55.2,OFF
15.8,58.7,OFF
28.6,92.1,ON
28.5,49.9,ON
28.9,33.6,ON
20.7,,OFF
24.2,52.3,OFF
28.8,68.4,ON
24.4,83.9,ON
13.9,44.3,OFF
24.5,58.7,OFF
26.8,,OFF
14.2,60.9,OFF
18.8,51.5,OFF
26.4,999,OFF
19.4,60.4,OFF
20.2,51,OFF
32,84.5,ON
22.2,54.7,OFF
22.6,60.9,OFF
19,34.4,OFF
30.6,57.5,ON
27.7,34.2,OFF
27.2,51.8,OFF
29.8,50.7,ON
21.8,66.4,OFF
21.4,56.5,OFF
27.6,67.2,ON
25.1,63,OFF
27.4,45.4,OFF
19.8,,ON
29.7,68.7,ON
21.7,52.9,OFF
23.2,,OFF
25.7,55,OFF
30.8,56.8,ON
32.1,62.1,ON
16.2,42.9,OFF
25.9,40,OFF
24.5,53.2,OFF
30.3,82,ON
27.9,39.6,OFF
20.7,46.4,OFF
16.7,62.1,OFF
22.1,93.1,ON
26.7,72.1,ON
21.8,61.9,OFF
34,49.8,ON
20.2,51.7,OFF
21.5,52,OFF
23,,OFF
21,45.5,OFF
22.9,,OFF
12.2,47,ON
25.9,57.5,OFF
29.6,32.9,ON
27,76.6,ON
9.9,33.2,OFF
20.7,37.8,OFF
29.4,69.4,ON
24.3,67,OFF
26.7,52.3,OFF
25.4,33.2,OFF
25.8,62.9,OFF
19.5,49.2,OFF
21.2,50.4,OFF
18.1,79.6,ON
17.2,56.9,OFF
18.8,57.9,OFF
24.8,57.6,OFF
15.4,45.4,OFF
31.9,49.8,ON
28.3,75,ON
27.1,40.2,OFF
26.6,54.7,OFF
17.4,,ON
21.2,28.2,OFF
18.6,43.8,OFF
28.2,63.8,ON
20.8,58.1,ON
27.6,75.6,ON
18.1,68.6,OFF
26,36.3,OFF
23.5,65.5,OFF
20.4,72.5,ON
27.1,72.5,ON
23.5,79.4,ON
27.8,64.6,OFF
20.9,67.3,OFF
26.1,69.1,OFF
31.1,55.8,ON
20.4,56.4,OFF
27.4,50.3,OFF
28.1,64.3,ON
15.7,53.1,OFF
23.4,74.6,ON
27,41.7,OFF
15,61.3,OFF
18.1,73.8,ON
23.2,41.5,OFF
17.7,57.7,OFF
32.5,56.3,ON
27.9,52.1,OFF
250,72.5,ON
24.7,64.5,OFF
,31.8,ON
25.2,34.3,OFF
20.7,50.5,OFF
30.9,,ON
18.3,43.6,OFF
16.7,50.4,OFF
28.6,64.9,ON
20.7,62.1,OFF
20,79.9,ON
12.8,40.6,OFF
21.8,68.8,OFF
17.2,60.3,OFF
18.4,24.6,OFF
25.1,82.9,ON
22.8,85.2,ON
24.3,51.4,OFF
25,15.7,OFF
30.6,53.8,ON
23.3,999,OFF
21.2,61.3,ON
25.7,69.6,OFF
23.7,56.3,OFF
19.2,64.1,OFF
15.5,40.5,OFF
20,55.8,OFF
24,50.5,OFF
24.2,42.6,OFF
19.2,37,OFF
19.7,75.8,ON
21.8,58.1,ON
25.2,40.6,OFF
31.3,15,ON
22,35.3,OFF
16.5,42.4,OFF
19,45,OFF
26.6,74.4,ON
19.2,38.5,OFF
23.7,69.9,OFF
19.9,31,OFF
27.6,43.1,OFF
25.4,36.5,OFF
16.4,79,ON
32.4,31.5,ON
24.9,53,OFF
23.5,69.3,OFF
,41.5,ON
17,83.1,ON
28.1,22.1,ON
22.9,66.8,OFF
21.9,59,OFF
-999,51.4,OFF
20.6,47.6,ON
20.3,37.7,OFF
31.4,49,ON
,61.1,ON
-55,47.4,OFF
24.2,53.5,OFF
27.5,49.7,OFF
30.9,33.4,ON
25.5,63.4,OFF
21.2,53.5,OFF
28,57.4,OFF
23.1,71.9,ON
25.9,74.8,ON
18.3,,OFF
17.5,70,OFF
24.9,73.3,ON
20.5,85.3,ON
27.7,33.3,OFF
23.5,44.9,OFF
25,39.8,OFF
20.8,150,OFF
,56.2,OFF
29.6,61.3,ON
31.8,57.2,ON
16.1,82.7,ON
19.7,31.5,OFF
26.3,42,OFF
26.8,32.3,OFF
32,85.3,ON
15.3,19.3,OFF
30.4,73.1,ON
24.6,33.2,OFF
,43,OFF
15.3,42,OFF
28.6,45.1,ON
22,44.6,OFF
20,78.4,ON
27.6,68.6,OFF
20.9,53.2,OFF
31.3,,ON
24.2,30.9,OFF
26.5,57.2,OFF
20.6,57.1,OFF
27,28.1,OFF
26.5,57.2,OFF
17.4,52.6,OFF
30.3,59.2,ON
18,79.2,ON
27.1,50.3,OFF
24.4,54.9,OFF
23.8,65.7,OFF
26.5,72.9,ON
16.7,48.2,OFF
22,54.5,OFF
23.4,35.3,OFF
-55,66.3,OFF
27.7,57.6,OFF
25.8,65.9,OFF
32.4,43.5,ON
24.8,47.2,OFF
24,64.5,ON
11.9,70.8,ON
18.5,51,OFF
30.8,46.3,ON
19.5,36.2,ON
20,75.5,ON
27.1,49.8,OFF
30.2,68.1,ON
18,61.9,OFF
28.2,61,ON
25,47.8,OFF
26.6,76.9,ON
17.4,70.9,ON
29.7,71.8,ON
23.3,52,OFF
12.8,52.5,OFF
21.3,74.7,ON
33.5,41.9,ON
,66.2,ON
3,90.5,OFF
29.4,71.2,ON
31.4,63.5,ON
24.9,66.5,OFF
26.8,87.8,ON
19.4,35.4,OFF
13.5,68.4,ON
21.8,65.1,OFF
19.7,69.7,OFF
30.7,55.6,ON
20.3,56,OFF
24.9,52.8,OFF
31.8,40,ON
20.1,43.6,OFF
35.2,91.1,ON
14.6,58.4,OFF
31.6,37.1,ON
21.7,59.1,OFF
25.3,54.7,OFF
27.2,89.9,ON
32.5,70.2,ON
30.9,78.9,ON
20.8,41.5,OFF
27.6,53.1,OFF
17,22.7,OFF
33.1,76.5,ON
21.5,53.3,OFF
27.5,56.9,OFF
21.1,29.2,OFF
34.3,34.8,ON
23.1,68.8,OFF
20.4,45.1,OFF
23.8,39.7,OFF
23.9,35.7,OFF
21.1,,ON
16.1,61,OFF
26.4,69.9,OFF
22.3,47.1,OFF
15.4,51.5,OFF
24.8,57.3,OFF
18.9,50.8,OFF
16.7,89.6,ON
26.6,50.5,OFF
25.2,39.4,OFF
19.8,29.4,OFF
22,74.2,ON
24.4,47.5,OFF
24.1,47.2,OFF
20.1,62.8,OFF
34.5,41,ON
19.7,51.1,OFF
28,31.5,OFF
22.4,55.1,OFF
20.6,-40,OFF
16.3,43.4,OFF
17.9,79.6,ON
25.7,70.5,ON
16.4,42,OFF
31.3,54.6,ON
21.4,42.6,OFF
36.1,69.8,ON
25.9,54.1,OFF
25.5,59.1,ON
22,41,OFF
21.9,59.5,ON
21.5,69,OFF
18,91.3,ON
22.4,55.2,OFF
25.8,74.7,ON
23.6,31.8,OFF
17.2,81.8,ON
23,26.4,ON
23.4,74.3,ON
23.2,49.5,OFF
26.2,41.1,OFF
24.8,65.8,OFF
27.9,84.6,ON
26.6,73.3,ON
26.8,39.2,OFF
22.3,15,OFF
34,63.8,ON
19.3,60.2,OFF
18.8,68.5,OFF
26.7,38.7,OFF
21.3,42.2,OFF
24.9,26.9,OFF
15.5,54.5,OFF
23.2,23.6,OFF
33.2,42.5,ON
25.5,51,OFF
21.6,60.4,OFF
24.3,62.4,OFF
29,62.9,ON
17.7,55.4,OFF
20.2,60.5,OFF
28.7,84.6,ON
32.8,79.6,ON
33,60.2,ON
26.9,62.1,OFF
27,72.1,ON
18.9,50,OFF
32.9,60.9,ON
18.6,78,ON
20.5,63.6,OFF
28,66.5,OFF
25.2,67.4,OFF
21,65.2,OFF
29.9,61.1,ON
29.2,49.6,ON
17.6,64.1,OFF
18.7,,OFF
14.9,78.1,ON
25.3,74.6,ON
31.3,46.8,ON
32.1,69.4,ON
32,72.4,ON
28.4,60.2,ON
23.1,57,OFF
29.5,44.3,ON
26,,OFF
27.1,53.3,OFF
23.4,41.2,OFF
-55,34,ON
25.1,57.9,OFF
18.8,47.3,OFF
24.6,42.2,OFF
23.1,66.2,OFF
18.3,45,OFF
20.7,37.8,OFF
25,38.8,OFF
27.2,53.4,OFF
34.1,45.6,ON
23.1,47.6,ON
24.4,64.6,ON
17.7,29.3,ON
21.8,58.4,OFF
24.9,68.8,OFF
15.1,73.5,ON
32.2,33,ON
25,82.2,ON
26,58.4,OFF
21.3,180,OFF
20.1,62.8,OFF
,61.9,ON
29.6,46.7,ON
22.5,59.2,OFF
28.9,61.2,ON
23.6,44.6,OFF
24,59.5,OFF
20.1,60.5,OFF
20.1,64.9,OFF
27.2,75.1,ON
24.3,67.2,OFF
28.9,82.6,ON
20.7,69.9,OFF
32.4,60.7,ON
19.9,40.4,OFF
16.2,40.4,OFF
29.7,56.6,ON
20.9,51.4,OFF
27.6,76.7,ON
17.7,56.7,OFF
19.9,77.1,ON
23.9,73,ON
15,55.4,OFF
18.1,41.7,OFF
22.1,45.4,OFF
25,68.5,OFF
28,33.2,OFF
21.9,38.9,ON
24.6,48.2,OFF
25,59.6,OFF
21.1,42.5,OFF
26.2,68.3,OFF
19,69.8,OFF
15.9,51.9,ON
25,54.3,OFF
19.2,39.1,OFF
23,39.4,OFF
23.4,67.4,OFF
16.3,63.6,OFF
24.1,90.7,ON
18.4,43.9,OFF
27.6,68.6,OFF
16.3,57.5,OFF
23.7,44.2,OFF
23.6,73.7,ON
29,50.6,ON
20.5,44.6,OFF
22.1,48.2,OFF
19.2,51.8,OFF
23.6,82.2,ON
22.5,41,OFF
24.3,,ON
13.9,55.4,OFF
22.8,57.6,OFF
20.5,64.1,OFF
20.8,53.3,OFF
20.2,65.1,OFF
25,58.2,OFF
18.6,47.7,OFF
18.7,32.3,OFF
32.1,57.1,ON
25.4,67.6,OFF
20.2,68.8,OFF
27.5,60.1,OFF
19.6,45.6,OFF
24.1,65.2,OFF
20.6,180,ON
20.4,,ON
29.9,49.9,ON
29,42.2,ON
23.8,55,OFF
25.2,62.9,OFF
30.3,24.9,ON
18.2,999,OFF
21.4,47.1,OFF
21.6,31,OFF
24.2,36.3,OFF
20.6,45.5,OFF
18.7,62.4,OFF
22.1,76.7,ON
17,70.6,ON
20.5,80.3,ON
30.5,46.2,ON
21.8,32.5,OFF
20.5,56.1,OFF
34.2,,ON
20.6,48.6,OFF
35,33.3,ON
17.9,42.7,OFF
20.6,57.8,OFF
31.3,62.6,ON
25.2,60.5,OFF
27.8,67.3,OFF
23.6,77.9,ON
19,79.9,ON
19.7,42.3,OFF
20.4,45.4,OFF
23.4,68.3,OFF
19.3,70.2,ON
19.8,47.8,OFF
17.3,78.5,ON
16.6,61.4,OFF
24.8,83.5,ON
30.1,42.2,ON
30.5,46.9,ON
30.6,29.8,ON
22,57.1,OFF
31.7,61.1,ON
28.7,43.6,ON
26.9,28.3,OFF
29.5,49.7,ON
25.3,74.6,ON
21.8,45,OFF
21.9,69.4,OFF
9.4,49.8,OFF
19.3,84.2,ON
25.4,57.8,OFF
19.2,57.1,OFF
21.9,43.6,OFF
22.4,74.2,ON
,69,OFF
24.1,42,OFF
18.2,50.1,OFF
27.9,60,OFF
14.7,62.8,OFF
18.9,39.3,OFF
,48.5,OFF
30.9,53.1,ON
35.4,77.5,ON
23,50.4,OFF
33.1,41.3,ON
19.9,60.1,OFF
22.1,58.7,OFF
26.5,75.2,ON
26.3,51.9,OFF
23.3,51.1,OFF
17.4,54.1,OFF
18.6,27.1,OFF
120,72.6,ON
20.8,56.2,ON
25.6,78.9,ON
23.7,41.7,OFF
34.5,95,ON
28.1,62.3,ON
25.4,42.8,OFF
15.9,34.1,OFF
21.9,46.1,OFF
24.7,63.6,OFF
22,65.1,OFF
23.8,73.8,ON
19.7,51.3,OFF
27.8,,OFF
21.8,58.9,OFF
28.2,54.2,ON
16,21.7,OFF
27,58.8,OFF
20.5,33.3,OFF
26.1,69.1,OFF
25.7,44.1,OFF
24.4,70.8,ON
,47.9,OFF
25.6,48.5,OFF
27.7,50.7,OFF
27.3,62.3,OFF
21.3,81.7,ON
25.3,47.7,OFF
19.5,38.4,OFF
23.2,40,OFF
19.7,35.2,OFF
20.2,43.5,OFF
21.5,40.1,ON
21.5,74.6,ON
22.4,66,OFF
23.6,38.3,OFF
26.8,51.8,OFF
28.1,35.9,ON
26.3,29.4,OFF
22,52.7,OFF
22.1,33.5,OFF
25.3,52.2,OFF
22.1,62.9,OFF
18.7,34.7,OFF
22.6,39.8,OFF
40,87.4,ON
14.8,49.8,OFF
27.7,53.1,OFF
15.9,68.7,OFF
20,62.6,OFF
29.4,60,ON
17.6,36.4,OFF
13.2,40.5,OFF
19.6,43.1,OFF
12.4,57.7,OFF
30.5,60.8,ON
21.1,83.2,ON
29,71.7,ON
21.2,56.1,OFF
10.3,48.8,OFF
8,56.4,OFF
19.2,66.8,OFF
25.2,68.9,OFF
23.7,,OFF
12.4,68.7,ON
20.2,84.1,ON
23.7,55.7,OFF
23.2,54,OFF
24.4,55,OFF
33.9,37.1,ON
26.5,67.4,OFF
26.1,38.1,OFF
21.4,47.2,OFF
25.4,88.1,ON
20.5,39.8,OFF
29.7,43.6,ON
20.9,60,OFF
25.3,22.7,OFF
17,44.4,OFF
22.6,61.6,OFF
23.6,42.4,OFF
,54.9,OFF
23,32,OFF
26.3,51.3,OFF
29.8,53.8,ON
15.7,-12,OFF
26.1,54.6,OFF
21.2,83.9,ON
24,46.9,OFF
16.2,44.8,OFF
21.4,52.5,OFF
15.1,58.2,OFF
22.7,68.3,OFF
12.2,42.6,OFF
35.4,76.7,ON
29.7,55.2,ON
28.1,59,ON
23.1,60.5,OFF
15.8,61,OFF
26.8,51.4,OFF
21.4,58.6,OFF
34.6,44.4,ON
24.4,30.3,OFF
15.8,69.2,OFF
16.7,64.1,OFF
23,57.2,ON
15.6,60.2,OFF
30.4,50.5,ON
36.1,73.7,ON
26.1,78.3,ON
23.1,33.7,OFF
26.8,61,OFF
21.9,71.3,ON
28.2,79.2,ON
21.6,66.5,OFF
31.2,59.6,ON
28.7,61.9,ON
24.1,-40,OFF
17.4,48.2,OFF
20.8,46.8,OFF
18.2,67,OFF
22.6,36,OFF
21.1,69.5,OFF
29,79.3,ON
15.2,65.6,ON
27.5,44.4,ON
33.4,41,ON
22,59.2,OFF
25.4,55.6,OFF
24.1,32,OFF
23.7,90.4,ON
23,35,OFF
14.1,50.6,OFF
27,38.1,OFF
29.6,40.3,ON
27.7,61.7,OFF
16.2,86.2,ON
33.9,79,ON
26.6,180,ON
30.2,72.6,ON
16.6,70.3,ON
26.2,54.1,OFF
23.4,48.2,OFF
27.2,59.3,OFF
27.4,51.1,OFF
29.8,39.3,ON
19.8,48.9,OFF
23.8,30.9,ON
23.3,35.6,OFF
18.7,59.2,OFF
28.1,45,ON
28.3,59.1,ON
23.3,75.7,ON
27.5,27.2,OFF
24.3,66.8,OFF
25.5,47.8,OFF
24.6,79.2,ON
27.8,35.2,OFF
28.2,71.2,ON
35.4,41.2,ON
25,32.2,OFF
25.2,34.5,OFF
18.7,36.6,OFF
27.1,57.1,OFF
24.7,38.2,OFF
29.2,43.1,ON
21.9,,OFF
17.9,56.6,OFF
,68,OFF
13.6,75.3,ON
20.8,64.6,ON
30.7,63.5,ON
22.7,36.3,OFF
32.6,62.8,ON
21.3,46.9,OFF
29.2,95,ON
24.9,37,OFF
19.1,56.6,OFF
28.1,59.2,ON
14.3,52.8,OFF
18,75.9,ON
26.7,77.8,ON
31,37.2,ON
26.3,51.3,OFF
18.6,42.9,ON
16.9,59.2,OFF
30.2,52,ON
28.4,57.1,ON
22.9,75,ON
30.4,47.9,ON
20.9,35.2,OFF
19.2,85.8,ON
8.6,64.4,OFF
29.5,25.4,ON
19,55.3,OFF
22.1,51,OFF
20.8,55.3,OFF
23.9,65,OFF
21.6,57.5,OFF
25.7,53,OFF
10.1,38.5,OFF
33.7,72.3,ON
20.1,29.3,OFF
18.8,51.9,OFF
22.9,56.3,OFF
27.6,23,OFF
20.8,39.2,OFF
30,60.2,ON
18.2,54.8,OFF
16,59.2,OFF
23.7,60.5,OFF
13.1,71.5,ON
26.4,62.1,OFF
30.2,58.1,ON
27.1,62.5,OFF
19,55,OFF
21.7,63.3,ON
15.6,76.6,ON
21.7,46.2,OFF
33.9,78,ON
36.8,64,ON
23.6,61.4,OFF
21.1,44,ON
26.8,95,ON
21.5,63.9,OFF
23.7,73.8,ON
26,64,OFF
23,48,OFF
250,41.1,OFF
17.4,78.8,ON
19.9,55.9,OFF
21.6,70.1,ON
27.5,43.8,OFF
34.5,48.6,ON
26.8,38.8,OFF
,40.2,OFF
25.4,50.4,OFF
22.6,,OFF
,51.9,ON
30,29,ON
25,40.4,OFF
28.2,51.3,ON
22.9,46.6,OFF
24.1,45.5,OFF
22.7,47,OFF
17.6,65,OFF
23.1,71.9,ON
13.9,39.3,OFF
32.1,60.1,ON
34.2,29.9,ON
,53.4,ON
24.8,72.1,ON
19.4,79.4,ON
29.3,63.8,ON
26.3,51.5,OFF
31.6,30.3,ON
25.1,66.7,OFF
24.4,71.5,ON
16.9,57.7,OFF
18.9,39.6,OFF
,76.1,ON
25,63.3,OFF
19.5,34.3,OFF
20.2,49.6,OFF
21.7,36.9,ON
22.3,46.3,OFF
23.2,38.8,OFF
22.7,51.4,OFF
21.9,43.2,OFF
18.3,89.7,ON
28.3,56.7,ON
28.9,70.1,ON
17.1,73.5,ON
24,60,OFF
25.8,26.4,OFF
26,72.6,ON
26,52.8,OFF
20.6,59.6,OFF
16.9,30.3,OFF
31.7,47.5,ON
28.8,43.6,ON
29.1,86.1,ON
19.2,44.7,OFF
23.9,64.8,OFF
32.2,52,ON
85,71.9,ON
27.3,58.1,OFF
29.7,39.3,ON
21.3,41.6,OFF
26.2,53.2,OFF
24.4,71.7,ON
26.8,34.7,OFF
24.6,46.5,OFF
26.2,50.2,OFF
18.2,47.8,OFF
120,47.4,ON
25.5,93.9,ON
28.1,43.3,ON
14.4,55.3,OFF
26.8,48.4,OFF
25.8,62.3,OFF
26.4,44.7,OFF
34.1,53.4,ON
18.6,78.4,ON
23.5,67.8,OFF
24.3,62.3,OFF
28.7,56,ON
13.3,50,OFF
37.5,49.5,ON
25.4,50.3,OFF
18.7,95,ON
25.5,75.8,ON
21.1,80.6,ON
22.2,64.8,OFF
27,73.2,ON
17.3,43.8,OFF
30.9,52.8,ON
18.4,62.7,OFF
31.3,46.1,ON
30.2,48.8,ON
18.4,75.1,ON
22.8,45.3,OFF
26.8,,OFF
23.1,69.6,ON
23.4,42.3,OFF
21.7,60.3,OFF
25.9,40,ON
22.8,61.2,OFF
27.7,65.3,OFF
30.8,43,ON
13.7,44.5,OFF
20.9,86.8,ON
27.3,37,OFF
21,60.8,OFF
24.3,29.3,OFF
26,56,OFF
18.8,50.8,OFF
22.8,48.1,OFF
15.6,66.7,OFF
26.1,91.5,ON
23,61.6,OFF
26.1,51,OFF
120,41.1,OFF
25.9,63.9,OFF
27.1,35.8,OFF
,82.9,ON
19.8,58.3,OFF
-999,37.5,OFF
27.4,62.1,OFF
28.3,79.2,ON
24.8,52,OFF
21.9,38.6,OFF
23.2,50.1,ON
28.7,42.2,ON
20.9,47.9,OFF
37.8,58.7,ON
15.4,67.7,OFF
26.3,41.5,OFF
29.4,50.8,ON
30.8,81.9,ON
24.6,,OFF
24.2,39.2,OFF
18.6,44.5,OFF
20.4,43.1,OFF
26.9,64.8,ON
20.5,76,ON
17.9,39,OFF
27.2,45.3,OFF
26.1,39.8,OFF
24.7,56,OFF
30.6,68.3,ON
22.8,58.5,OFF
22.4,47.9,OFF
26.1,73,ON
23.5,67.6,OFF
27,39.4,OFF
23.1,55.9,OFF
19,42.6,OFF
23.6,51.7,OFF
27.6,74.6,ON
11.2,41.5,OFF
21.6,67.7,OFF
11.6,62,OFF
27,51.9,OFF
17.2,38.6,OFF
25.8,76,ON
25.2,56.6,OFF
23.7,61.1,OFF
26.6,71.4,ON
33.8,74.4,ON
23.9,72.4,ON
24.8,77.9,ON
25.5,70.8,ON
19.7,52.2,OFF
21.6,32.7,OFF
25.9,37.8,OFF
22.4,51.4,OFF
20.7,38.7,OFF
20,64.1,OFF
25.9,36.2,OFF
27.5,80.5,ON
15.4,62.8,OFF
15.8,63.1,OFF
25.8,48.6,OFF
18.2,150,OFF
30,48.5,ON
26.4,66.1,OFF
31.8,59.9,ON
,34.4,OFF
21.7,51.4,OFF
20.7,42.8,OFF
22.4,45.7,OFF
25.8,58.3,OFF
,60.4,OFF
24.4,48.7,OFF
24,59.1,OFF
24.8,64,OFF
26.2,34.4,OFF
22.4,49.3,ON
20.2,56,OFF
20.2,36.8,ON
16.8,63.3,OFF
32.7,62.4,ON
16.6,,OFF
20,46.6,OFF
22.8,34,OFF
16,43.3,OFF
15.1,44.5,OFF
38,82.8,ON
26.8,-12,OFF
20.7,30.3,OFF
30.1,42.7,ON
29.1,53.7,ON
19.6,60,OFF
33,49.6,ON
24.8,51.6,OFF
18.2,39.7,OFF
29.6,51.4,ON
24.5,50.1,OFF
23.2,47.8,OFF
31.3,67.6,ON
16.4,57.7,OFF
39.9,32.8,ON
26.1,54.1,OFF
32.1,39.6,ON
23.5,44.8,OFF
24.1,150,OFF
21.9,65.7,OFF
20,51.1,OFF
20.8,62.5,OFF
-999,67.3,OFF
23.2,76,ON
17.5,56,OFF
24.6,33.6,OFF
28.2,37.8,ON
19.3,67.3,OFF
29.7,59.6,ON
19.8,50.2,OFF
25.5,16.2,OFF
-55,58.1,OFF
120,23.3,OFF
18.4,35.9,OFF
23.8,64.5,OFF
27.3,64.8,OFF
30.8,33.9,ON
16.8,53.8,OFF
24.8,29.9,OFF
21.4,63.6,OFF
23.5,65.5,OFF
20.1,43,OFF
27.7,39.6,OFF
31,49.5,ON
25.6,55.3,OFF
21,81.2,ON
22.1,46.3,ON
25,64.3,OFF
24,60.2,OFF
34.6,66.8,ON
25.6,67.2,OFF
25,44.7,OFF
21,65.6,OFF
23.7,48.6,OFF
21.9,49,OFF
85,54,OFF
19.5,60.1,OFF
25.8,34.9,OFF
,60.7,ON
23.4,44.6,OFF
16.1,51.3,OFF
14.5,52.8,OFF
22.7,42.1,OFF
18.6,60.8,OFF
25.9,67.4,OFF
20.3,66.7,OFF
18.2,43.1,ON
23.1,62.5,OFF
28,47.9,OFF
24.2,44.7,OFF
21,43.5,OFF
22.8,55,OFF
22.4,34.5,OFF
,60.5,OFF
24.9,56.8,OFF
21.2,40.4,OFF
22.7,33.1,OFF
30.8,999,ON
23.4,55.4,OFF
22.4,64.7,OFF
26.4,41.8,OFF
2.4,90.6,OFF
38.3,18.4,ON
23.4,36.7,ON
25,56.2,OFF
26,-12,OFF
31.1,70.5,ON
20.8,55.3,OFF
26.9,67.7,OFF
28.3,150,ON
26.3,61.3,OFF
21,80.4,ON
26.6,76.1,ON
22.6,49.5,OFF
22.1,52.6,OFF
19.8,79.5,ON
23.8,30.7,OFF
28.2,73.9,ON
31.6,69.2,ON
21.3,150,ON
29.5,58.3,ON
27.6,38.7,ON
25.5,50.9,OFF
23,39,OFF
15.1,66,OFF
21.2,74.1,ON
22,55,OFF
,74.7,ON
26.6,68.6,OFF
,46.4,OFF
22.2,66.6,OFF
,90.4,ON
,73.7,ON
23.5,-40,ON
25.4,48,OFF
20.4,44.2,OFF
15.9,43.2,OFF
10.3,34.1,OFF
25,42.4,OFF
25.5,72,ON
24.9,43.4,OFF
26.5,74.5,ON
32.1,55.4,ON
25.1,70.2,ON
18.8,71.2,ON
30.9,48.6,ON
34.3,57.2,ON
30.2,63.3,ON
25.1,70,OFF
24.2,49.9,ON
31.8,61.1,ON
23,48.3,OFF
21.8,41.6,OFF
25,38.2,OFF
26.6,69.8,OFF
22.9,52.9,OFF
24.9,46.6,OFF
17.3,41.3,OFF
28.9,43.8,ON
24.8,35.7,OFF
29.5,51.4,ON
21.8,70.5,ON
28.2,54,ON
34.1,41,ON
18.5,48.1,OFF
34.6,26,ON
22.5,29.8,OFF
24.9,60.4,OFF
-999,54.9,OFF
18.8,67.3,OFF
26.9,57.5,OFF
23.3,54.9,OFF
29.6,74,ON
18.6,30.9,OFF
20.4,56.7,OFF
13.9,69.4,OFF
29.7,70.7,ON
23.8,60.6,OFF
25.5,63.7,OFF
22.8,59.4,OFF
28.5,68.4,ON
24.8,77.8,ON
22.4,61.3,OFF
20,,OFF
24,73.5,ON
24,61,OFF
24.8,63.4,OFF
21.8,40.7,ON
21.4,59.8,OFF
28.2,65.1,ON
15,36.4,OFF
24.6,26.2,ON
38,57.7,ON
21,46.6,OFF
32.6,64.6,ON
23.9,75.6,ON
18.1,,OFF
22.6,71.1,ON
30.1,47.7,ON
24.7,59.4,OFF
26.8,62.2,OFF
26.5,56.1,OFF
27.8,85.3,ON
16.2,62.9,OFF
27.7,53.4,OFF
24.5,69.8,OFF
32.1,65.7,ON
28.4,150,ON
26.3,39.3,OFF
13.5,69.1,OFF
23.7,58.9,ON
23.8,64.6,OFF
17.1,65,OFF
21.4,67,OFF
28.8,36.6,ON
21.5,81.4,ON
21.7,50.4,OFF
120,35.6,OFF
26.6,48.9,OFF
16,48.2,OFF
19.9,,OFF
19.2,75.2,ON
23.9,57.7,OFF
26.8,46,OFF
24.3,69.7,OFF
21.9,66.1,OFF
25,74.4,ON
28.4,62.7,ON
29.3,67.6,ON
,55.9,OFF
22.5,31.1,OFF
24.2,67.1,OFF
18.9,52.5,OFF
21.4,36.4,OFF
22.5,29.8,OFF
25.2,23.3,ON
18.5,53.5,OFF
20.6,83.4,ON
19.7,66.5,OFF
31.4,34.5,ON
21.7,49,OFF
27.9,60.7,OFF
-999,19.2,ON
36.9,89.3,ON
28.6,53.2,ON
20.4,71.9,ON
23.2,61.6,OFF
23.2,81.6,ON
18.9,71.7,ON
21.6,75.6,ON
28.5,34.2,ON
27.5,49.4,ON
24.1,59.4,OFF
26.8,54.9,OFF
17.3,45.3,OFF
19.3,90,ON
20.3,75.9,ON
20.8,53.1,OFF
20.1,44.7,OFF
8.9,53.5,OFF
29.8,150,ON
25.4,42.3,OFF
20.9,32.1,OFF
19.6,95,ON
36.1,57.6,ON
26.4,48.2,OFF
23,52.1,OFF
33.1,46,ON
22.9,74.2,ON
25.8,71.2,ON
16.5,51.5,OFF
26.6,55.2,OFF
24.9,54.7,OFF
29.9,58.7,ON
24.1,56.1,OFF
26.8,52.4,OFF
25.5,26.4,OFF
16.8,46.7,OFF
14.1,86.5,ON
27.1,66.9,OFF
27.9,28.3,OFF
23.1,45,OFF
26.5,37.8,OFF
21.4,55.5,OFF
20.1,58.2,OFF
22.5,41.5,OFF
38.4,16.4,OFF
26.5,45.3,OFF
21.4,63.3,OFF
22.9,37.8,OFF
14.6,58.1,OFF
22.8,55.6,OFF
13.4,65.6,OFF
23.5,35.2,OFF
,46.6,OFF
10.7,39.3,OFF
9.2,65,OFF
22.5,67,OFF
16.1,45.9,OFF
21.1,70.8,ON
26.8,62.2,OFF
21,61.9,OFF
26.2,71.5,ON
22.6,70.2,ON
24.1,55,OFF
18.7,78.2,ON
-999,63.8,ON
19.5,49.6,OFF
24.9,26,OFF
26,67.2,OFF
20,65.1,ON
20.8,70.9,ON
20.8,61.1,OFF
14.2,93.3,ON
27.7,41.5,OFF
,56.5,OFF
39.2,81.9,ON
24,42.5,ON
25.1,58,OFF
24.2,60.2,OFF
18.6,60.1,OFF
24,60.9,ON
22.5,52.5,ON
33.1,68.9,ON
,28.7,OFF
22.4,58.3,OFF
22.7,82.4,ON
16.4,36.7,OFF
22.9,49.4,OFF
20.8,48.5,OFF
26.8,59,ON
29,45.9,ON
36.1,58.1,ON
25.2,74.8,ON
37.1,42.6,ON
27.2,54.5,OFF
18.2,72,ON
19.3,51.6,OFF
23.5,41.1,OFF
28.5,45.6,ON
29.3,37.4,ON
26,43.9,OFF
33.2,75.9,ON
18.2,62.7,OFF
120,83.8,ON
24.3,45.7,OFF
22.6,64.1,OFF
22.4,77.1,ON
27.2,73.5,ON
33,60.8,ON
16.6,39.3,OFF
18.5,27.7,OFF
25.7,51.3,OFF
21.7,95,ON
33,58.9,ON
22.7,65,OFF
16.4,48,OFF
23.1,43.4,OFF
29.1,47.6,ON
19.5,79.9,ON
21.3,67.7,OFF
26.9,68.3,OFF
23.6,55.6,OFF
28,68.1,OFF
30.9,41.1,ON
26.5,92.3,ON
27.4,61.9,OFF
120,71.4,ON
25.8,71.7,ON
27,62.1,OFF
30.1,62,ON
29.2,54,ON
24.7,47.4,OFF
20.9,46.5,OFF
19.8,71.9,ON
20.3,59.8,OFF
25.9,51.5,OFF
23.6,28.8,OFF
32.4,70.1,ON
24.7,58.7,OFF
22.3,48.3,OFF
25.8,64.1,OFF
29.6,53.6,ON
28.6,62.4,ON
33.9,77.4,ON
22.2,45.8,OFF
29.5,79.3,ON
26,66.6,OFF
24.2,42.7,OFF
22.6,57.2,OFF
22.9,61.8,OFF
21.5,31,OFF
20.3,50.4,OFF
24.1,77.1,ON
20.6,63.2,OFF
,54.1,ON
24.9,29.9,OFF
28.5,42.2,ON
24.1,64.2,OFF
18.3,38.1,OFF
19.1,92.3,ON
21.1,35.1,ON
20.6,65.9,OFF
28.3,73.2,ON
28.6,43.4,ON
24.1,46.2,OFF
23.8,63.2,OFF
20.7,61,OFF
25.8,45.8,OFF
16.9,64.8,OFF
30.6,50.1,ON
23.9,46.7,OFF
22.5,60,OFF
18.2,48.7,OFF
32.8,43.3,ON
21.1,63.1,OFF
15.4,30.2,OFF
30.4,61,ON
33.7,51.9,ON
13.7,48.8,OFF
18.6,47.2,OFF
17.4,93.9,ON
19.5,54.6,OFF
30.1,45,ON
22.7,75.6,ON
30.9,51.1,ON
36.3,,ON
29.5,59.2,ON
25.3,52.3,OFF
21.1,60,OFF
18.3,64,OFF
25.2,59.3,OFF
21.6,91,ON
18.6,50.4,OFF
21.1,73.2,ON
30.4,81.3,ON
36.4,39.8,ON
24.4,51.6,OFF
34,70.2,ON
20.2,62.8,OFF
29.7,59,ON
24,54,OFF
27.8,29.2,OFF
17.8,49.5,OFF
28.9,,ON
22.7,61.7,OFF
22.2,58.1,OFF
17.3,57,OFF
23.3,57.1,OFF
27.3,29.1,OFF
22.6,47.4,OFF
23.8,48.2,OFF
22.3,56.8,OFF
24.6,75.4,ON
26.7,75.8,ON
29.1,50,ON
23.5,64.5,OFF
23.1,44.3,OFF
22.6,69,OFF
31.3,28.2,ON
23.4,88.9,ON
19.9,68.4,OFF
20.2,52,OFF
12,63.7,OFF
22.9,86.1,ON
27.9,32.7,OFF
38,58.1,ON
26.8,40.4,OFF
19.6,31.8,OFF
25.7,54.9,OFF
28.3,-40,ON
24.5,62.5,OFF
23.2,66.2,OFF
30,34.8,ON
21.7,74.2,ON
22,44.7,OFF
20.1,42.4,OFF
24.9,41.4,OFF
30,46.5,ON
40,68.5,ON
21.5,47.1,OFF
19,64.7,OFF
29,32.4,ON
31,51.6,ON
26,47.8,OFF
24.6,72.2,ON
26.5,48.3,OFF
25.7,55.4,OFF
22.6,43.9,OFF
26.7,55.7,OFF
31.6,57.1,ON
23.7,44.7,OFF
25.7,-40,OFF
31.2,59.9,ON
25.4,17.4,OFF
25,64.5,OFF
31.9,41.9,ON
23.9,47.3,OFF
24.5,65,OFF
29.4,54,ON
30.8,51.4,ON
14.2,67.4,OFF
19.3,55.8,OFF
22.2,59,OFF
25.2,67,OFF
20.5,44.9,OFF
24.5,61,OFF
17.5,69.4,OFF
20.1,66.3,OFF
25.3,57,OFF
21.2,47.8,ON
29.1,33.9,ON
24.9,32.8,OFF
27.8,53.3,OFF
24.5,57.4,OFF
24.2,51.1,OFF
22.5,53.2,OFF
25.9,150,OFF
32.4,26.1,ON
28.3,49.8,ON
22.5,67.9,OFF
,69.6,OFF
23.5,44.8,OFF
30.9,36.9,ON
19.6,38.6,OFF
22.3,30.3,OFF
120,66.3,ON
18.2,48.3,OFF
30.1,58.6,ON
31.1,62.7,ON
21.1,80.8,ON
24.1,71.1,ON
23.2,39,OFF
29.7,52.6,ON
32.6,46.2,ON
17,27.1,OFF
23.1,61.6,OFF
30.4,69,ON
24.3,66.2,OFF
26.1,57.7,OFF
22.9,,OFF
24.1,70.3,ON
26.6,56.3,OFF
23.7,58.2,OFF
17.7,46.1,OFF
27.7,41.6,OFF
21.3,46.6,OFF
24.9,58.6,OFF
25.7,68.6,OFF
32.2,68.4,ON
21.7,29.2,OFF
21.1,51.1,OFF
27.6,33.9,OFF
24.9,65.1,OFF
31.5,65.8,ON
19.8,66.7,OFF
27.3,40.2,OFF
26.6,53,ON
26.9,55.6,OFF
24.3,45.1,OFF
19.2,48.8,OFF
21.2,57.9,OFF
25.6,72.8,ON
26.3,64.3,OFF
32.6,49.2,ON
19.9,72.2,ON
16.8,43.5,OFF
23,82.6,ON
26.6,49.1,OFF
27.8,69.6,OFF
16.3,73.9,ON
24,55,OFF
25.7,65.2,OFF
23.2,38.9,OFF
29.5,88.6,ON
23.6,71,ON
22.5,74.3,ON
20.1,42,ON
18.8,64.1,OFF
19.4,47.8,OFF
20.3,63.3,OFF
28.4,36.6,ON
14.7,42.3,OFF
20.8,67.5,OFF
34.2,60.1,ON
32.4,66.9,ON
23.1,57.1,OFF
21,76.2,ON
19.8,51.5,OFF
25.1,61.5,OFF
22.3,33.4,OFF
22.9,38,OFF
28.3,43.8,ON
20.7,59,OFF
21.3,82.9,ON
28.7,79.7,ON
19.7,52.8,OFF
21.9,58.1,OFF
25.9,58.5,OFF
21.9,57.7,OFF
250,35.2,ON
24,43,OFF
21.6,48.6,OFF
18,41.1,OFF
19.1,68.5,OFF
24.3,48.9,ON
26.2,39.4,OFF
26.5,43.1,OFF
14.9,61.6,OFF
19.2,23.9,OFF
24.7,44.4,OFF
14.8,61.6,OFF
28.2,42.3,ON
21.6,55.7,OFF
26.9,32.5,OFF
25.9,43.3,OFF
10.3,62.5,OFF
23.9,48,OFF
21.3,55,OFF
26,95,ON
23.9,,ON
28.2,56.6,ON
27.8,52.7,OFF
25.6,62.3,OFF
21.4,-12,OFF
17.9,67.1,OFF
23.1,33.7,OFF
26.8,20.5,OFF
14.6,44.9,OFF
21.5,91.2,ON
27.5,30.9,OFF
18.1,53.9,OFF
29.3,70.1,ON
24.9,83.9,ON
24.7,47.7,OFF
17.5,27.7,OFF
24.7,57.3,OFF
23.8,60.7,OFF
18.4,57.3,OFF
8,63.9,OFF
21.8,46.4,OFF
24.1,,OFF
25.2,54.2,OFF
29.3,55.7,ON
25.8,51.5,OFF
24.4,59,OFF
25.3,52.5,OFF
18.9,46,OFF
22.5,45.2,OFF
20.1,87.9,ON
20.9,64,OFF
21.5,35.8,OFF
8,62.9,OFF
21.1,57.3,OFF
20.1,60.5,ON
24.8,57.1,OFF
16.5,76.8,ON
21.4,74.6,ON
33.4,51.3,ON
16.2,28.8,OFF
25,59.6,OFF
23.1,51.5,OFF
23.8,83.1,ON
23.1,68.3,OFF
22.2,66.2,OFF
22.4,59.5,OFF
32.5,62.9,ON
28,43.5,OFF
25.5,63.7,OFF
27.8,44.8,OFF
19.2,58.5,OFF
15.4,65.3,OFF
26.6,90.3,ON
22,46.2,OFF
18.6,58.7,OFF
28.3,45.5,ON
25,51.9,OFF
31.3,83.9,ON
32,52.9,ON
23.1,50.3,OFF
32.6,58.8,ON
24.5,46.7,OFF
26.6,46.3,OFF
19.4,79.4,ON
18.2,60.1,ON
24.1,38.7,OFF
25.3,45.1,OFF
21.8,66.3,ON
19.6,44,OFF
30.4,24.5,ON
18.9,54.9,OFF
22.6,59.1,OFF
34.9,58.4,ON
25.4,35.5,OFF
28.5,53.8,ON
19.4,66.3,OFF
20.5,54.6,OFF
15.2,53.1,OFF
19.3,,ON
27.8,69.2,OFF
34.3,75.5,ON
21.8,31.4,OFF
22.2,40.6,OFF
27.4,58.5,OFF
21.3,50.7,OFF
27,77.5,ON
39.4,39.6,ON
18.5,70.4,ON
21.1,37.3,OFF
21.3,41,OFF
22.3,18.3,OFF
20.4,54.7,OFF
20.2,57,OFF
20.4,62.2,OFF
23.6,83.1,ON
16.4,70.1,ON
21.7,42.2,ON
20.6,33.2,OFF
21,59.2,OFF
20.1,60.3,OFF
19,49.5,OFF
20.3,47.5,OFF
28.7,37.7,ON
19.9,37.5,OFF
33,86,ON
23,58.7,OFF
10.1,75.9,ON
19.4,51.5,OFF
22.2,35.8,OFF
26.9,55.3,OFF
25.6,22.5,OFF
,47.7,OFF
23.4,999,OFF
26.2,61.4,OFF
8.3,40.5,OFF
25.3,44,OFF
20.4,42.3,OFF
17.1,39.4,OFF
20.7,51.8,OFF
23.9,60.3,OFF
35.3,37.1,ON
23.2,69.3,OFF
28,60.7,OFF
21.6,32.8,OFF
10.2,61.6,OFF
31.4,48.2,ON
24.4,72.8,ON
22.8,49.6,OFF
27.9,61.7,OFF
17.9,40.3,OFF
24.9,43,OFF
21.2,68.3,OFF
21.3,75.8,ON
19.8,51.3,OFF
26.1,46.8,OFF
23,61.3,OFF
26.1,52.4,OFF
27.2,54.6,OFF
20.4,45.4,OFF
23.2,42.4,OFF
24,76.2,ON
17.1,78.1,ON
23.4,79.8,ON
22.6,70.4,ON
23,42.2,OFF
25.7,31.1,OFF
17.5,32.7,ON
15.8,70,OFF
21.9,41,OFF
16.6,44.1,OFF
23.6,63.2,OFF
22.9,80.9,ON
28.9,30.4,ON
27,54.4,OFF
29,52.7,ON
24.6,58.1,OFF
34,40.6,ON
24.3,52,OFF
32.9,69.3,ON
24.2,75.1,ON
16.6,43.7,OFF
13.8,62.1,ON
28.8,180,ON
11,95,ON
23.3,61.6,OFF
15,58.8,OFF
24.5,56.5,OFF
27.6,41.5,OFF
25.4,72.8,ON
24.6,19.5,OFF
20.5,70.2,ON
35.4,67.6,ON
26.3,53.9,OFF
24.8,62.8,OFF
22.9,52.6,OFF
32,58.5,ON
-999,86.6,ON
23.5,61.5,OFF
26.8,57.7,OFF
20.6,63.8,OFF
24.4,61.7,OFF
22.1,37,OFF
31.1,51,ON
23.7,39,OFF
24.3,55.5,OFF
17,47.4,OFF
22.5,44.6,OFF
25.8,62.9,OFF
20.7,30.1,OFF
20.4,44.2,OFF
21.5,66.2,OFF
23.3,59.3,OFF
27.1,44.4,OFF
22.2,69,OFF
33.3,35.3,ON
25.6,55.4,OFF
27.9,74.2,ON
24.8,56.8,OFF
27.5,38.1,OFF
15.9,64.6,OFF
26.1,44,OFF
26.9,44.7,OFF
25,69,OFF
18.4,58.8,OFF
25.9,71.3,ON
33.5,75.3,ON
22.8,56.2,OFF
26.9,54.9,OFF
29.8,55,ON
21,43.1,OFF
24.8,39.1,OFF
23.1,57.8,OFF
29.1,52.2,ON
19.9,64.5,OFF
16.5,46.9,OFF
17.9,50.5,OFF
22.9,55.4,OFF
13.3,47.7,OFF
27.3,30.8,OFF
31.5,60.1,ON
18.6,42.9,OFF
20.9,23.1,OFF
21.7,70.2,ON
23.9,71.3,ON
32.3,54.9,ON
1.6,95.9,ON
21.7,,OFF
26.5,62.4,OFF
27,64.5,OFF
31.2,61.4,ON
22.4,64.7,OFF
22.8,51.7,OFF
29.8,71.4,ON
26.1,63.2,OFF
32.1,56,ON
23.9,50.9,OFF
23.8,55.7,OFF
24.7,42.2,OFF
85,60.6,OFF
24.5,36.6,OFF
27.8,43.2,OFF
32.4,60.2,ON
27.2,46.3,OFF
14.7,67.6,OFF
19.8,79.8,ON
24.9,33.8,OFF
22.5,65.5,OFF
18.3,51.9,OFF
22.3,68.2,OFF
26.6,54.4,OFF
32,70.1,ON
19.1,58.1,OFF
26.8,44.7,OFF